Età,Sesso biologico,Dipartimento di afferenza,Credi che questa immagine sia stata generata da IA o che sia reale?,Hai avuto dubbi sulla veridicità dell'immagine?,"Un algoritmo ti suggerisce che, al 90%, l'immagine precedente sia stata generata da IA. Confermi la tua scelta?",Credi che questa immagine sia stata generata da IA o che sia reale?.1,Hai avuto dubbi sulla veridicità dell'immagine?.1,"Un algoritmo ti suggerisce che, allo 0%, l'immagine precedente sia stata generata da IA. Confermi la tua scelta?",Credi che questa immagine sia stata generata da IA o che sia reale?.2,Hai avuto dubbi sulla veridicità dell'immagine?.2,"Un algoritmo ti suggerisce che, allo 85%, l'immagine precedente sia stata generata da IA. Confermi la tua scelta?",Credi che questa immagine sia stata generata da IA o che sia reale?.3,Hai avuto dubbi sulla veridicità dell'immagine?.3,"Un algoritmo ti suggerisce che, al 17%, l'immagine precedente sia stata generata da IA. Confermi la tua scelta?",Credi che questa immagine sia stata generata da IA o che sia reale?.4,Hai avuto dubbi sulla veridicità dell'immagine?.4,"Un algoritmo ti suggerisce che, al 2%, l'immagine precedente sia stata generata da IA. Confermi la tua scelta?",Credi che questa immagine sia stata generata da IA o che sia reale?.5,Hai avuto dubbi sulla veridicità dell'immagine?.5,"Un algoritmo ti suggerisce che, al 17%, l'immagine precedente sia stata generata da IA. Confermi la tua scelta?.1",Credi che questa immagine sia stata generata da IA o che sia reale?.6,Hai avuto dubbi sulla veridicità dell'immagine?.6,"Un algoritmo ti suggerisce che, al 98%, l'immagine precedente sia stata generata da IA. Confermi la tua scelta?",Credi che questa immagine sia stata generata da IA o che sia reale?.7,Hai avuto dubbi sulla veridicità dell'immagine?.7,"Un algoritmo ti suggerisce che, al 90%, l'immagine precedente sia stata generata da IA. Confermi la tua scelta?.1",Credi che questa immagine sia stata generata da IA o che sia reale?.8,Hai avuto dubbi sulla veridicità dell'immagine?.8,"Un algoritmo ti suggerisce che, al 4%, l'immagine precedente sia stata generata da IA. Confermi la tua scelta?",Credi che questa immagine sia stata generata da IA o che sia reale?.9,Hai avuto dubbi sulla veridicità dell'immagine?.9,"Un algoritmo ti suggerisce che, all'1%, l'immagine precedente sia stata generata da IA. Confermi la tua scelta?",Credi che questa immagine sia stata generata da IA o che sia reale?.10,Hai avuto dubbi sulla veridicità dell'immagine?.10,"Un algoritmo ti suggerisce che, al 97%, l'immagine precedente sia stata generata da IA. Confermi la tua scelta?",Credi che questa immagine sia stata generata da IA o che sia reale?.11,Hai avuto dubbi sulla veridicità dell'immagine?.11,"Un algoritmo ti suggerisce che, al 99%, l'immagine precedente sia stata generata da IA. Confermi la tua scelta?",Credi che questa immagine sia stata generata da IA o che sia reale?.12,Hai avuto dubbi sulla veridicità dell'immagine?.12,"Un algoritmo ti suggerisce che, al 3%, l'immagine precedente sia stata generata da IA. Confermi la tua scelta?",Credi che questa immagine sia stata generata da IA o che sia reale?.13,Hai avuto dubbi sulla veridicità dell'immagine?.13,"Un algoritmo ti suggerisce che, al 98%, l'immagine precedente sia stata generata da IA. Confermi la tua scelta?.1",Credi che questa immagine sia stata generata da IA o che sia reale?.14,Hai avuto dubbi sulla veridicità dell'immagine?.14,"Un algoritmo ti suggerisce che, al 95%, l'immagine precedente sia stata generata da IA. Confermi la tua scelta?"
21,Male,DMI,Generata da IA,Sì,"Sì, confermo",Reale,Sì,"Sì, confermo",Reale,No,"No, cambio la mia scelta",Generata da IA,Sì,"No, cambio la mia scelta",Reale,No,"Sì, confermo",Generata da IA,Sì,"No, cambio la mia scelta",Reale,No,"No, cambio la mia scelta",Reale,No,"No, cambio la mia scelta",Reale,No,"Sì, confermo",Generata da IA,Sì,"No, cambio la mia scelta",Generata da IA,Sì,"Sì, confermo",Generata da IA,Sì,"Sì, confermo",Reale,No,"Sì, confermo",Generata da IA,Sì,"Sì, confermo",Reale,Sì,"No, cambio la mia scelta"
22,Male,DMI,Reale,Sì,"No, cambio la mia scelta",Reale,No,"Sì, confermo",Generata da IA,No,"Sì, confermo",Reale,No,"Sì, confermo",Reale,No,"Sì, confermo",Reale,No,"Sì, confermo",Reale,No,"Sì, confermo",Generata da IA,No,"Sì, confermo",Reale,No,"Sì, confermo",Reale,No,"Sì, confermo",Generata da IA,Sì,"Sì, confermo",Generata da IA,Sì,"Sì, confermo",Reale,No,"Sì, confermo",Reale,No,"Sì, confermo",Generata da IA,Sì,"Sì, confermo"
23 o più,Male,DMI,Generata da IA,Sì,"Sì, confermo",Reale,Sì,"Sì, confermo",Generata da IA,Sì,"Sì, confermo",Generata da IA,Sì,"Sì, confermo",Reale,No,"Sì, confermo",Reale,Sì,"Sì, confermo",Reale,No,"Sì, confermo",Generata da IA,Sì,"Sì, confermo",Generata da IA,Sì,"Sì, confermo",Reale,No,"Sì, confermo",Reale,Sì,"Sì, confermo",Generata da IA,Sì,"Sì, confermo",Reale,No,"Sì, confermo",Generata da IA,Sì,"Sì, confermo",Generata da IA,Sì,"Sì, confermo"
22,Male,DMI,Reale,Sì,"Sì, confermo",Reale,No,"Sì, confermo",Generata da IA,No,"Sì, confermo",Generata da IA,No,"Sì, confermo",Reale,No,"Sì, confermo",Reale,No,"Sì, confermo",Reale,No,"Sì, confermo",Generata da IA,No,"Sì, confermo",Reale,No,"Sì, confermo",Reale,No,"Sì, confermo",Reale,No,"Sì, confermo",Reale,No,"Sì, confermo",Reale,No,"Sì, confermo",Generata da IA,No,"Sì, confermo",Generata da IA,Sì,"Sì, confermo"
23 o più,Male,DMI,Reale,No,"No, cambio la mia scelta",Reale,No,"Sì, confermo",Reale,No,"Sì, confermo",Reale,No,"Sì, confermo",Reale,No,"Sì, confermo",Generata da IA,No,"No, cambio la mia scelta",Reale,No,"No, cambio la mia scelta",Generata da IA,Sì,"Sì, confermo",Reale,Sì,"Sì, confermo",Reale,No,"Sì, confermo",Generata da IA,No,"Sì, confermo",Reale,No,"Sì, confermo",Reale,No,"Sì, confermo",Generata da IA,Sì,"Sì, confermo",Reale,Sì,"No, cambio la mia scelta"
23 o più,Male,DMI,Generata da IA,No,"Sì, confermo",Reale,No,"Sì, confermo",Generata da IA,Sì,"Sì, confermo",Generata da IA,No,"Sì, confermo",Reale,No,"Sì, confermo",Generata da IA,Sì,"Sì, confermo",Generata da IA,Sì,"Sì, confermo",Generata da IA,No,"Sì, confermo",Generata da IA,Sì,"Sì, confermo",Reale,No,"Sì, confermo",Generata da IA,No,"Sì, confermo",Reale,No,"No, cambio la mia scelta",Reale,No,"Sì, confermo",Generata da IA,No,"Sì, confermo",Generata da IA,Sì,"Sì, confermo"
23 o più,Male,DMI,Generata da IA,No,"Sì, confermo",Generata da IA,Sì,"Sì, confermo",Generata da IA,No,"Sì, confermo",Generata da IA,No,"Sì, confermo",Reale,Sì,"Sì, confermo",Generata da IA,Sì,"Sì, confermo",Reale,No,"No, cambio la mia scelta",Generata da IA,No,"Sì, confermo",Generata da IA,Sì,"No, cambio la mia scelta",Reale,No,"Sì, confermo",Reale,No,"No, cambio la mia scelta",Generata da IA,No,"Sì, confermo",Reale,Sì,"Sì, confermo",Generata da IA,No,"Sì, confermo",Reale,Sì,"No, cambio la mia scelta"
23 o più,Female,DMI,Reale,Sì,"No, cambio la mia scelta",Generata da IA,No,"Sì, confermo",Reale,No,"Sì, confermo",Generata da IA,No,"Sì, confermo",Reale,No,"Sì, confermo",Reale,Sì,"Sì, confermo",Generata da IA,Sì,"Sì, confermo",Reale,No,"Sì, confermo",Reale,No,"Sì, confermo",Generata da IA,No,"Sì, confermo",Generata da IA,Sì,"Sì, confermo",Reale,Sì,"Sì, confermo",Generata da IA,Sì,"Sì, confermo",Reale,Sì,"Sì, confermo",Generata da IA,Sì,"Sì, confermo"
23 o più,Male,DMI,Generata da IA,Sì,"Sì, confermo",Reale,Sì,"Sì, confermo",Reale,Sì,"No, cambio la mia scelta",Generata da IA,Sì,"Sì, confermo",Reale,No,"Sì, confermo",Reale,No,"Sì, confermo",Reale,No,"Sì, confermo",Generata da IA,Sì,"Sì, confermo",Generata da IA,Sì,"Sì, confermo",Reale,Sì,"Sì, confermo",Reale,Sì,"No, cambio la mia scelta",Reale,Sì,"No, cambio la mia scelta",Reale,No,"Sì, confermo",Reale,Sì,"No, cambio la mia scelta",Reale,Sì,"No, cambio la mia scelta"
23 o più,Female,DiSFor,Generata da IA,Sì,"Sì, confermo",Reale,No,"Sì, confermo",Generata da IA,Sì,"Sì, confermo",Reale,Sì,"Sì, confermo",Reale,No,"Sì, confermo",Generata da IA,Sì,"Sì, confermo",Reale,No,"Sì, confermo",Generata da IA,Sì,"Sì, confermo",Reale,No,"Sì, confermo",Reale,No,"Sì, confermo",Generata da IA,Sì,"Sì, confermo",Reale,No,"Sì, confermo",Reale,No,"Sì, confermo",Generata da IA,No,"Sì, confermo",Reale,No,"Sì, confermo"
23 o più,Female,DiSFor,Generata da IA,No,"Sì, confermo",Generata da IA,No,"Sì, confermo",Generata da IA,No,"Sì, confermo",Generata da IA,No,"Sì, confermo",Generata da IA,No,"Sì, confermo",Generata da IA,No,"Sì, confermo",Reale,Sì,"No, cambio la mia scelta",Generata da IA,No,"Sì, confermo",Reale,Sì,"Sì, confermo",Generata da IA,No,"No, cambio la mia scelta",Generata da IA,Sì,"Sì, confermo",Reale,Sì,"No, cambio la mia scelta",Reale,No,"Sì, confermo",Generata da IA,Sì,"Sì, confermo",Generata da IA,No,"Sì, confermo"
22,Male,DMI,Reale,Sì,"Sì, confermo",Reale,No,"Sì, confermo",Reale,No,"Sì, confermo",Reale,No,"Sì, confermo",Reale,No,"Sì, confermo",Generata da IA,No,"Sì, confermo",Reale,No,"Sì, confermo",Reale,No,"Sì, confermo",Generata da IA,No,"No, cambio la mia scelta",Generata da IA,No,"Sì, confermo",Generata da IA,No,"Sì, confermo",Generata da IA,No,"Sì, confermo",Reale,No,"Sì, confermo",Generata da IA,No,"Sì, confermo",Generata da IA,No,"Sì, confermo"
20,Male,DMI,Generata da IA,Sì,"Sì, confermo",Reale,No,"Sì, confermo",Reale,No,"Sì, confermo",Reale,No,"Sì, confermo",Reale,No,"Sì, confermo",Reale,No,"Sì, confermo",Reale,No,"Sì, confermo",Reale,No,"Sì, confermo",Reale,No,"Sì, confermo",Reale,No,"Sì, confermo",Reale,No,"Sì, confermo",Reale,No,"Sì, confermo",Reale,No,"Sì, confermo",Generata da IA,No,"Sì, confermo",Reale,No,"Sì, confermo"
20,Male,DMI,Reale,Sì,"No, cambio la mia scelta",Reale,Sì,"Sì, confermo",Generata da IA,Sì,"Sì, confermo",Reale,No,"Sì, confermo",Generata da IA,Sì,"No, cambio la mia scelta",Reale,No,"Sì, confermo",Reale,No,"Sì, confermo",Reale,No,"Sì, confermo",Reale,No,"Sì, confermo",Reale,Sì,"Sì, confermo",Reale,No,"Sì, confermo",Reale,No,"Sì, confermo",Reale,No,"Sì, confermo",Reale,No,"Sì, confermo",Reale,No,"No, cambio la mia scelta"
21,Male,DMI,Generata da IA,Sì,"Sì, confermo",Generata da IA,Sì,"Sì, confermo",Reale,Sì,"No, cambio la mia scelta",Generata da IA,Sì,"Sì, confermo",Generata da IA,Sì,"Sì, confermo",Reale,Sì,"Sì, confermo",Reale,No,"Sì, confermo",Reale,No,"Sì, confermo",Reale,Sì,"Sì, confermo",Reale,Sì,"Sì, confermo",Reale,Sì,"No, cambio la mia scelta",Reale,Sì,"No, cambio la mia scelta",Generata da IA,Sì,"No, cambio la mia scelta",Reale,Sì,"No, cambio la mia scelta",Generata da IA,Sì,"Sì, confermo"
20,Female,DMI,Generata da IA,Sì,"Sì, confermo",Reale,No,"Sì, confermo",Reale,No,"Sì, confermo",Generata da IA,Sì,"Sì, confermo",Reale,No,"Sì, confermo",Generata da IA,Sì,"Sì, confermo",Reale,No,"Sì, confermo",Generata da IA,Sì,"Sì, confermo",Reale,Sì,"Sì, confermo",Reale,Sì,"Sì, confermo",Generata da IA,Sì,"Sì, confermo",Reale,No,"Sì, confermo",Reale,No,"Sì, confermo",Generata da IA,Sì,"Sì, confermo",Reale,Sì,"Sì, confermo"
21,Male,DMI,Reale,No,"Sì, confermo",Generata da IA,Sì,"Sì, confermo",Reale,No,"No, cambio la mia scelta",Generata da IA,Sì,"Sì, confermo",Reale,No,"Sì, confermo",Generata da IA,Sì,"Sì, confermo",Reale,No,"Sì, confermo",Generata da IA,Sì,"Sì, confermo",Reale,No,"Sì, confermo",Generata da IA,No,"Sì, confermo",Generata da IA,No,"Sì, confermo",Reale,No,"Sì, confermo",Reale,No,"Sì, confermo",Generata da IA,Sì,"Sì, confermo",Generata da IA,No,"No, cambio la mia scelta"
21,Male,DMI,Reale,Sì,"No, cambio la mia scelta",Reale,Sì,"Sì, confermo",Generata da IA,No,"Sì, confermo",Generata da IA,No,"Sì, confermo",Reale,Sì,"Sì, confermo",Reale,No,"Sì, confermo",Reale,No,"No, cambio la mia scelta",Generata da IA,Sì,"Sì, confermo",Generata da IA,Sì,"No, cambio la mia scelta",Reale,No,"Sì, confermo",Reale,No,"No, cambio la mia scelta",Reale,Sì,"No, cambio la mia scelta",Generata da IA,Sì,"No, cambio la mia scelta",Generata da IA,Sì,"Sì, confermo",Reale,No,"No, cambio la mia scelta"
23 o più,Female,DMI,Reale,Sì,"No, cambio la mia scelta",Reale,No,"Sì, confermo",Reale,Sì,"Sì, confermo",Generata da IA,No,"Sì, confermo",Generata da IA,Sì,"Sì, confermo",Reale,No,"Sì, confermo",Reale,Sì,"Sì, confermo",Generata da IA,No,"Sì, confermo",Reale,No,"Sì, confermo",Reale,No,"Sì, confermo",Reale,No,"Sì, confermo",Reale,No,"Sì, confermo",Reale,No,"Sì, confermo",Generata da IA,No,"Sì, confermo",Reale,Sì,"No, cambio la mia scelta"
21,Male,DMI,Generata da IA,Sì,"Sì, confermo",Reale,No,"Sì, confermo",Generata da IA,Sì,"Sì, confermo",Generata da IA,Sì,"Sì, confermo",Reale,No,"No, cambio la mia scelta",Reale,Sì,"Sì, confermo",Reale,No,"Sì, confermo",Generata da IA,Sì,"Sì, confermo",Generata da IA,Sì,"Sì, confermo",Reale,No,"Sì, confermo",Reale,No,"No, cambio la mia scelta",Generata da IA,No,"Sì, confermo",Generata da IA,Sì,"No, cambio la mia scelta",Generata da IA,Sì,"Sì, confermo",Reale,No,"Sì, confermo"
23 o più,Female,Casalinga ,Generata da IA,Sì,"No, cambio la mia scelta",Generata da IA,No,"No, cambio la mia scelta",Generata da IA,No,"Sì, confermo",Generata da IA,No,"Sì, confermo",Reale,Sì,"Sì, confermo",Reale,Sì,"Sì, confermo",Reale,No,"No, cambio la mia scelta",Reale,Sì,"Sì, confermo",Reale,No,"Sì, confermo",Generata da IA,No,"Sì, confermo",Generata da IA,No,"No, cambio la mia scelta",Reale,No,"Sì, confermo",Reale,No,"Sì, confermo",Reale,No,"No, cambio la mia scelta",Generata da IA,Sì,"Sì, confermo"
23 o più,Female,DMI,Reale,Sì,"Sì, confermo",Reale,Sì,"Sì, confermo",Generata da IA,Sì,"Sì, confermo",Generata da IA,Sì,"Sì, confermo",Generata da IA,Sì,"Sì, confermo",Reale,Sì,"Sì, confermo",Generata da IA,Sì,"Sì, confermo",Generata da IA,No,"Sì, confermo",Reale,Sì,"No, cambio la mia scelta",Reale,No,"Sì, confermo",Generata da IA,No,"Sì, confermo",Generata da IA,Sì,"Sì, confermo",Generata da IA,No,"Sì, confermo",Generata da IA,Sì,"Sì, confermo",Reale,Sì,"Sì, confermo"
23 o più,Female,work,Generata da IA,Sì,"Sì, confermo",Reale,No,"Sì, confermo",Generata da IA,No,"Sì, confermo",Generata da IA,No,"Sì, confermo",Reale,Sì,"Sì, confermo",Generata da IA,Sì,"Sì, confermo",Reale,No,"Sì, confermo",Generata da IA,No,"Sì, confermo",Generata da IA,Sì,"Sì, confermo",Reale,Sì,"Sì, confermo",Reale,No,"Sì, confermo",Reale,No,"Sì, confermo",Reale,No,"Sì, confermo",Generata da IA,No,"Sì, confermo",Reale,Sì,"Sì, confermo"
23 o più,Female,Scienze Biologiche ,Generata da IA,Sì,"Sì, confermo",Reale,No,"Sì, confermo",Generata da IA,No,"Sì, confermo",Generata da IA,No,"Sì, confermo",Generata da IA,No,"No, cambio la mia scelta",Generata da IA,Sì,"No, cambio la mia scelta",Reale,No,"Sì, confermo",Generata da IA,Sì,"Sì, confermo",Reale,No,"Sì, confermo",Reale,No,"Sì, confermo",Reale,No,"No, cambio la mia scelta",Reale,No,"No, cambio la mia scelta",Reale,No,"Sì, confermo",Generata da IA,Sì,"Sì, confermo",Reale,No,"No, cambio la mia scelta"
23 o più,Female,DiSFor,Reale,No,"Sì, confermo",Generata da IA,Sì,"Sì, confermo",Reale,Sì,"Sì, confermo",Reale,No,"Sì, confermo",Reale,No,"Sì, confermo",Generata da IA,Sì,"Sì, confermo",Reale,No,"Sì, confermo",Reale,No,"Sì, confermo",Reale,No,"Sì, confermo",Generata da IA,Sì,"No, cambio la mia scelta",Reale,Sì,"Sì, confermo",Reale,No,"Sì, confermo",Reale,No,"Sì, confermo",Generata da IA,Sì,"Sì, confermo",Generata da IA,Sì,"Sì, confermo"
23 o più,Female,DiSFor,Generata da IA,Sì,"Sì, confermo",Reale,Sì,"Sì, confermo",Reale,No,"Sì, confermo",Reale,Sì,"Sì, confermo",Reale,No,"Sì, confermo",Reale,Sì,"Sì, confermo",Generata da IA,Sì,"Sì, confermo",Reale,Sì,"Sì, confermo",Reale,No,"Sì, confermo",Reale,No,"Sì, confermo",Generata da IA,Sì,"Sì, confermo",Reale,Sì,"No, cambio la mia scelta",Reale,No,"Sì, confermo",Reale,No,"Sì, confermo",Generata da IA,Sì,"Sì, confermo"
23 o più,Female,DiSFor,Generata da IA,No,"Sì, confermo",Reale,No,"Sì, confermo",Reale,No,"Sì, confermo",Reale,No,"Sì, confermo",Generata da IA,No,"Sì, confermo",Generata da IA,No,"Sì, confermo",Reale,No,"Sì, confermo",Generata da IA,No,"Sì, confermo",Reale,No,"Sì, confermo",Reale,No,"Sì, confermo",Reale,No,"Sì, confermo",Reale,No,"Sì, confermo",Reale,No,"Sì, confermo",Reale,No,"Sì, confermo",Reale,No,"Sì, confermo"
23 o più,Female,DiSFor,Generata da IA,Sì,"Sì, confermo",Reale,No,"Sì, confermo",Generata da IA,No,"Sì, confermo",Generata da IA,No,"Sì, confermo",Reale,Sì,"Sì, confermo",Generata da IA,Sì,"Sì, confermo",Reale,No,"Sì, confermo",Generata da IA,No,"Sì, confermo",Reale,No,"Sì, confermo",Reale,No,"Sì, confermo",Reale,No,"Sì, confermo",Reale,Sì,"No, cambio la mia scelta",Reale,No,"Sì, confermo",Generata da IA,No,"Sì, confermo",Reale,No,"Sì, confermo"
20,Female,Scienze Motorie,Generata da IA,No,"Sì, confermo",Generata da IA,No,"Sì, confermo",Reale,No,"Sì, confermo",Generata da IA,No,"Sì, confermo",Reale,No,"Sì, confermo",Generata da IA,Sì,"Sì, confermo",Reale,Sì,"Sì, confermo",Generata da IA,Sì,"Sì, confermo",Reale,Sì,"Sì, confermo",Reale,No,"Sì, confermo",Generata da IA,Sì,"Sì, confermo",Reale,Sì,"Sì, confermo",Reale,No,"Sì, confermo",Reale,Sì,"Sì, confermo",Reale,Sì,"Sì, confermo"
23 o più,Male,DMI,Generata da IA,Sì,"Sì, confermo",Generata da IA,Sì,"Sì, confermo",Reale,Sì,"Sì, confermo",Generata da IA,Sì,"Sì, confermo",Reale,Sì,"Sì, confermo",Reale,Sì,"Sì, confermo",Reale,Sì,"Sì, confermo",Generata da IA,Sì,"Sì, confermo",Generata da IA,Sì,"Sì, confermo",Reale,Sì,"Sì, confermo",Reale,Sì,"Sì, confermo",Reale,Sì,"Sì, confermo",Reale,Sì,"Sì, confermo",Generata da IA,Sì,"Sì, confermo",Reale,Sì,"Sì, confermo"
21,Male,DMI,Generata da IA,No,"Sì, confermo",Reale,Sì,"Sì, confermo",Generata da IA,Sì,"Sì, confermo",Generata da IA,No,"Sì, confermo",Reale,No,"Sì, confermo",Generata da IA,Sì,"Sì, confermo",Reale,No,"No, cambio la mia scelta",Generata da IA,Sì,"Sì, confermo",Reale,Sì,"Sì, confermo",Reale,No,"Sì, confermo",Reale,No,"No, cambio la mia scelta",Reale,No,"No, cambio la mia scelta",Reale,No,"Sì, confermo",Generata da IA,Sì,"Sì, confermo",Generata da IA,Sì,"Sì, confermo"
20,Male,DMI,Generata da IA,Sì,"Sì, confermo",Reale,No,"Sì, confermo",Generata da IA,Sì,"Sì, confermo",Generata da IA,Sì,"Sì, confermo",Reale,No,"Sì, confermo",Reale,No,"Sì, confermo",Reale,No,"Sì, confermo",Generata da IA,Sì,"Sì, confermo",Reale,No,"Sì, confermo",Reale,No,"Sì, confermo",Reale,No,"Sì, confermo",Reale,No,"Sì, confermo",Reale,No,"Sì, confermo",Generata da IA,Sì,"Sì, confermo",Generata da IA,No,"Sì, confermo"
23 o più,Male,Digital forensics ,Generata da IA,Sì,"Sì, confermo",Reale,No,"Sì, confermo",Reale,No,"Sì, confermo",Generata da IA,Sì,"Sì, confermo",Reale,No,"Sì, confermo",Generata da IA,No,"Sì, confermo",Reale,No,"No, cambio la mia scelta",Reale,No,"No, cambio la mia scelta",Reale,No,"Sì, confermo",Reale,No,"Sì, confermo",Generata da IA,Sì,"Sì, confermo",Generata da IA,Sì,"Sì, confermo",Reale,No,"Sì, confermo",Generata da IA,Sì,"Sì, confermo",Reale,No,"No, cambio la mia scelta"
23 o più,Female,DMI,Generata da IA,Sì,"Sì, confermo",Reale,Sì,"Sì, confermo",Generata da IA,Sì,"Sì, confermo",Generata da IA,Sì,"Sì, confermo",Reale,Sì,"Sì, confermo",Generata da IA,Sì,"Sì, confermo",Reale,Sì,"Sì, confermo",Generata da IA,Sì,"Sì, confermo",Reale,Sì,"Sì, confermo",Reale,No,"Sì, confermo",Reale,Sì,"Sì, confermo",Reale,No,"Sì, confermo",Reale,Sì,"Sì, confermo",Generata da IA,Sì,"Sì, confermo",Reale,Sì,"Sì, confermo"
20,Male,DMI,Reale,Sì,"No, cambio la mia scelta",Generata da IA,Sì,"No, cambio la mia scelta",Reale,Sì,"Sì, confermo",Generata da IA,Sì,"No, cambio la mia scelta",Reale,No,"Sì, confermo",Reale,Sì,"Sì, confermo",Reale,No,"No, cambio la mia scelta",Generata da IA,Sì,"Sì, confermo",Reale,No,"Sì, confermo",Reale,Sì,"Sì, confermo",Reale,No,"No, cambio la mia scelta",Reale,Sì,"Sì, confermo",Reale,No,"Sì, confermo",Generata da IA,No,"Sì, confermo",Reale,No,"Sì, confermo"
20,Male,DMI,Reale,No,"Sì, confermo",Generata da IA,No,"Sì, confermo",Generata da IA,No,"Sì, confermo",Generata da IA,Sì,"Sì, confermo",Reale,No,"Sì, confermo",Generata da IA,No,"Sì, confermo",Generata da IA,No,"Sì, confermo",Generata da IA,No,"Sì, confermo",Reale,No,"Sì, confermo",Generata da IA,No,"Sì, confermo",Reale,No,"Sì, confermo",Reale,No,"Sì, confermo",Reale,No,"Sì, confermo",Generata da IA,Sì,"Sì, confermo",Generata da IA,No,"Sì, confermo"
21,Male,DIEEI,Generata da IA,Sì,"Sì, confermo",Generata da IA,Sì,"No, cambio la mia scelta",Generata da IA,Sì,"Sì, confermo",Generata da IA,Sì,"No, cambio la mia scelta",Reale,No,"Sì, confermo",Generata da IA,No,"No, cambio la mia scelta",Reale,No,"No, cambio la mia scelta",Reale,No,"Sì, confermo",Reale,No,"Sì, confermo",Reale,No,"Sì, confermo",Reale,No,"No, cambio la mia scelta",Reale,Sì,"No, cambio la mia scelta",Reale,No,"Sì, confermo",Reale,No,"No, cambio la mia scelta",Generata da IA,No,"Sì, confermo"
21,Male,DMI,Generata da IA,No,"Sì, confermo",Reale,Sì,"Sì, confermo",Generata da IA,Sì,"Sì, confermo",Generata da IA,Sì,"Sì, confermo",Reale,Sì,"Sì, confermo",Generata da IA,Sì,"Sì, confermo",Reale,Sì,"Sì, confermo",Generata da IA,Sì,"Sì, confermo",Reale,Sì,"Sì, confermo",Reale,Sì,"Sì, confermo",Reale,Sì,"Sì, confermo",Reale,Sì,"Sì, confermo",Reale,Sì,"Sì, confermo",Generata da IA,No,"Sì, confermo",Generata da IA,Sì,"Sì, confermo"
23 o più,Male,DMI,Generata da IA,Sì,"Sì, confermo",Reale,No,"Sì, confermo",Generata da IA,Sì,"Sì, confermo",Generata da IA,No,"Sì, confermo",Reale,No,"Sì, confermo",Reale,No,"Sì, confermo",Reale,Sì,"Sì, confermo",Generata da IA,Sì,"Sì, confermo",Reale,No,"Sì, confermo",Reale,No,"Sì, confermo",Generata da IA,Sì,"Sì, confermo",Reale,Sì,"Sì, confermo",Reale,No,"Sì, confermo",Generata da IA,Sì,"Sì, confermo",Reale,No,"Sì, confermo"
23 o più,Male,DMI,Generata da IA,Sì,"Sì, confermo",Reale,Sì,"Sì, confermo",Generata da IA,Sì,"Sì, confermo",Generata da IA,Sì,"Sì, confermo",Reale,Sì,"Sì, confermo",Generata da IA,Sì,"Sì, confermo",Reale,No,"Sì, confermo",Generata da IA,Sì,"Sì, confermo",Generata da IA,Sì,"Sì, confermo",Reale,No,"Sì, confermo",Reale,No,"Sì, confermo",Generata da IA,Sì,"Sì, confermo",Reale,No,"Sì, confermo",Generata da IA,Sì,"Sì, confermo",Generata da IA,Sì,"Sì, confermo"
22,Male,DMI,Generata da IA,No,"Sì, confermo",Reale,No,"Sì, confermo",Generata da IA,No,"Sì, confermo",Generata da IA,No,"No, cambio la mia scelta",Reale,No,"Sì, confermo",Generata da IA,Sì,"Sì, confermo",Generata da IA,Sì,"Sì, confermo",Reale,No,"Sì, confermo",Reale,Sì,"Sì, confermo",Reale,No,"Sì, confermo",Reale,No,"Sì, confermo",Reale,No,"Sì, confermo",Reale,No,"Sì, confermo",Reale,Sì,"Sì, confermo",Reale,No,"Sì, confermo"
23 o più,Male,DMI,Generata da IA,No,"Sì, confermo",Generata da IA,No,"Sì, confermo",Generata da IA,No,"Sì, confermo",Reale,Sì,"Sì, confermo",Reale,No,"Sì, confermo",Generata da IA,No,"Sì, confermo",Reale,No,"Sì, confermo",Generata da IA,No,"Sì, confermo",Reale,No,"Sì, confermo",Reale,No,"Sì, confermo",Generata da IA,No,"Sì, confermo",Generata da IA,No,"Sì, confermo",Reale,No,"Sì, confermo",Generata da IA,No,"Sì, confermo",Generata da IA,No,"Sì, confermo"
21,Male,DIEEI,Generata da IA,No,"Sì, confermo",Generata da IA,Sì,"Sì, confermo",Reale,No,"Sì, confermo",Generata da IA,Sì,"No, cambio la mia scelta",Reale,No,"Sì, confermo",Reale,No,"Sì, confermo",Reale,Sì,"No, cambio la mia scelta",Reale,No,"Sì, confermo",Reale,No,"Sì, confermo",Generata da IA,Sì,"Sì, confermo",Reale,No,"Sì, confermo",Generata da IA,No,"Sì, confermo",Reale,No,"Sì, confermo",Generata da IA,Sì,"Sì, confermo",Generata da IA,Sì,"Sì, confermo"
21,Male,DIEEI,Generata da IA,No,"Sì, confermo",Reale,No,"Sì, confermo",Generata da IA,Sì,"Sì, confermo",Generata da IA,No,"Sì, confermo",Reale,No,"Sì, confermo",Generata da IA,No,"Sì, confermo",Reale,Sì,"No, cambio la mia scelta",Generata da IA,No,"Sì, confermo",Generata da IA,No,"Sì, confermo",Reale,No,"Sì, confermo",Reale,Sì,"No, cambio la mia scelta",Reale,Sì,"No, cambio la mia scelta",Reale,No,"Sì, confermo",Reale,No,"Sì, confermo",Reale,Sì,"No, cambio la mia scelta"
22,Male,DMI,Generata da IA,Sì,"Sì, confermo",Reale,Sì,"Sì, confermo",Generata da IA,Sì,"Sì, confermo",Generata da IA,Sì,"Sì, confermo",Reale,No,"Sì, confermo",Generata da IA,No,"Sì, confermo",Generata da IA,No,"Sì, confermo",Generata da IA,No,"Sì, confermo",Reale,No,"Sì, confermo",Reale,No,"Sì, confermo",Generata da IA,Sì,"Sì, confermo",Generata da IA,No,"Sì, confermo",Reale,No,"Sì, confermo",Generata da IA,No,"Sì, confermo",Reale,Sì,"Sì, confermo"
20,Male,dieii,Reale,No,"No, cambio la mia scelta",Generata da IA,Sì,"Sì, confermo",Reale,No,"Sì, confermo",Reale,No,"Sì, confermo",Reale,No,"Sì, confermo",Generata da IA,Sì,"Sì, confermo",Reale,Sì,"Sì, confermo",Reale,Sì,"Sì, confermo",Reale,Sì,"Sì, confermo",Generata da IA,Sì,"Sì, confermo",Reale,Sì,"Sì, confermo",Reale,No,"Sì, confermo",Generata da IA,Sì,"Sì, confermo",Reale,Sì,"Sì, confermo",Reale,Sì,"Sì, confermo"
23 o più,Male,DMI,Reale,No,"Sì, confermo",Generata da IA,No,"Sì, confermo",Reale,No,"Sì, confermo",Generata da IA,No,"Sì, confermo",Reale,No,"Sì, confermo",Reale,No,"Sì, confermo",Reale,No,"No, cambio la mia scelta",Generata da IA,No,"Sì, confermo",Reale,No,"Sì, confermo",Reale,No,"Sì, confermo",Reale,No,"No, cambio la mia scelta",Generata da IA,No,"Sì, confermo",Reale,No,"Sì, confermo",Generata da IA,No,"Sì, confermo",Reale,No,"Sì, confermo"
23 o più,Male,DMI,Generata da IA,Sì,"Sì, confermo",Generata da IA,Sì,"No, cambio la mia scelta",Generata da IA,No,"Sì, confermo",Generata da IA,No,"Sì, confermo",Reale,Sì,"Sì, confermo",Generata da IA,Sì,"No, cambio la mia scelta",Generata da IA,Sì,"Sì, confermo",Generata da IA,No,"Sì, confermo",Reale,Sì,"Sì, confermo",Generata da IA,Sì,"Sì, confermo",Reale,Sì,"No, cambio la mia scelta",Reale,Sì,"Sì, confermo",Reale,No,"Sì, confermo",Generata da IA,No,"Sì, confermo",Reale,Sì,"Sì, confermo"
20,Male,DMI,Generata da IA,No,"Sì, confermo",Reale,No,"Sì, confermo",Reale,No,"Sì, confermo",Generata da IA,No,"Sì, confermo",Reale,No,"Sì, confermo",Reale,No,"Sì, confermo",Reale,No,"Sì, confermo",Reale,No,"Sì, confermo",Generata da IA,No,"Sì, confermo",Generata da IA,No,"Sì, confermo",Reale,No,"Sì, confermo",Reale,Sì,"Sì, confermo",Reale,No,"Sì, confermo",Generata da IA,No,"Sì, confermo",Generata da IA,No,"Sì, confermo"
21,Male,DMI,Generata da IA,No,"Sì, confermo",Reale,No,"Sì, confermo",Reale,No,"Sì, confermo",Reale,Sì,"Sì, confermo",Reale,No,"Sì, confermo",Reale,Sì,"Sì, confermo",Reale,No,"Sì, confermo",Reale,No,"Sì, confermo",Generata da IA,No,"Sì, confermo",Reale,Sì,"Sì, confermo",Reale,Sì,"Sì, confermo",Generata da IA,Sì,"Sì, confermo",Reale,No,"Sì, confermo",Generata da IA,No,"Sì, confermo",Reale,No,"Sì, confermo"
23 o più,Male,DMI,Generata da IA,Sì,"Sì, confermo",Reale,No,"Sì, confermo",Generata da IA,No,"Sì, confermo",Generata da IA,No,"Sì, confermo",Generata da IA,No,"No, cambio la mia scelta",Generata da IA,Sì,"Sì, confermo",Reale,No,"Sì, confermo",Generata da IA,Sì,"Sì, confermo",Reale,No,"Sì, confermo",Reale,No,"Sì, confermo",Reale,No,"No, cambio la mia scelta",Reale,No,"Sì, confermo",Reale,No,"Sì, confermo",Generata da IA,Sì,"Sì, confermo",Reale,Sì,"Sì, confermo"
20,Male,DMI,Generata da IA,Sì,"Sì, confermo",Generata da IA,Sì,"No, cambio la mia scelta",Generata da IA,Sì,"Sì, confermo",Generata da IA,Sì,"Sì, confermo",Reale,Sì,"Sì, confermo",Generata da IA,Sì,"Sì, confermo",Reale,Sì,"No, cambio la mia scelta",Generata da IA,Sì,"Sì, confermo",Generata da IA,Sì,"Sì, confermo",Reale,Sì,"Sì, confermo",Reale,Sì,"No, cambio la mia scelta",Generata da IA,Sì,"Sì, confermo",Reale,Sì,"Sì, confermo",Generata da IA,Sì,"Sì, confermo",Reale,Sì,"Sì, confermo"
23 o più,Male,DMI,Generata da IA,Sì,"Sì, confermo",Reale,Sì,"Sì, confermo",Generata da IA,Sì,"Sì, confermo",Generata da IA,Sì,"Sì, confermo",Reale,Sì,"Sì, confermo",Generata da IA,Sì,"No, cambio la mia scelta",Generata da IA,Sì,"Sì, confermo",Generata da IA,Sì,"Sì, confermo",Reale,Sì,"Sì, confermo",Reale,Sì,"Sì, confermo",Reale,Sì,"Sì, confermo",Reale,Sì,"Sì, confermo",Reale,Sì,"Sì, confermo",Reale,Sì,"Sì, confermo",Generata da IA,Sì,"Sì, confermo"
23 o più,Male,DMI,Generata da IA,Sì,"Sì, confermo",Reale,No,"Sì, confermo",Generata da IA,No,"Sì, confermo",Generata da IA,No,"Sì, confermo",Reale,No,"Sì, confermo",Reale,Sì,"Sì, confermo",Reale,Sì,"No, cambio la mia scelta",Generata da IA,Sì,"Sì, confermo",Reale,Sì,"Sì, confermo",Reale,No,"Sì, confermo",Reale,No,"No, cambio la mia scelta",Reale,No,"Sì, confermo",Reale,No,"Sì, confermo",Generata da IA,No,"Sì, confermo",Reale,No,"No, cambio la mia scelta"
22,Male,Professioni Sanitarie,Generata da IA,No,"Sì, confermo",Reale,No,"Sì, confermo",Generata da IA,No,"Sì, confermo",Generata da IA,No,"Sì, confermo",Reale,No,"Sì, confermo",Reale,No,"Sì, confermo",Generata da IA,Sì,"Sì, confermo",Generata da IA,Sì,"Sì, confermo",Reale,No,"Sì, confermo",Reale,No,"Sì, confermo",Generata da IA,No,"Sì, confermo",Reale,No,"Sì, confermo",Reale,No,"Sì, confermo",Generata da IA,Sì,"Sì, confermo",Generata da IA,Sì,"Sì, confermo"
22,Female,Professioni Sanitarie,Generata da IA,Sì,"Sì, confermo",Reale,No,"Sì, confermo",Reale,No,"Sì, confermo",Reale,No,"Sì, confermo",Reale,No,"Sì, confermo",Generata da IA,No,"Sì, confermo",Reale,No,"Sì, confermo",Reale,No,"Sì, confermo",Reale,No,"Sì, confermo",Reale,No,"Sì, confermo",Reale,No,"Sì, confermo",Reale,No,"Sì, confermo",Reale,No,"Sì, confermo",Reale,No,"Sì, confermo",Reale,No,"Sì, confermo"
22,Female,Professioni Sanitarie,Generata da IA,Sì,"Sì, confermo",Generata da IA,Sì,"No, cambio la mia scelta",Generata da IA,Sì,"Sì, confermo",Reale,No,"Sì, confermo",Reale,No,"Sì, confermo",Generata da IA,Sì,"Sì, confermo",Reale,Sì,"Sì, confermo",Reale,Sì,"Sì, confermo",Reale,No,"Sì, confermo",Reale,No,"Sì, confermo",Reale,No,"Sì, confermo",Reale,No,"Sì, confermo",Reale,No,"Sì, confermo",Reale,No,"Sì, confermo",Generata da IA,Sì,"Sì, confermo"
23 o più,Female,Professioni Sanitarie,Reale,No,"Sì, confermo",Reale,No,"Sì, confermo",Generata da IA,Sì,"Sì, confermo",Reale,No,"Sì, confermo",Reale,No,"Sì, confermo",Generata da IA,Sì,"Sì, confermo",Reale,No,"Sì, confermo",Reale,No,"Sì, confermo",Reale,No,"Sì, confermo",Reale,No,"Sì, confermo",Reale,No,"Sì, confermo",Reale,No,"Sì, confermo",Reale,No,"Sì, confermo",Reale,No,"Sì, confermo",Generata da IA,Sì,"Sì, confermo"
23 o più,Female,Professioni Sanitarie,Reale,Sì,"Sì, confermo",Generata da IA,Sì,"Sì, confermo",Reale,No,"Sì, confermo",Generata da IA,Sì,"Sì, confermo",Generata da IA,Sì,"Sì, confermo",Reale,Sì,"Sì, confermo",Reale,No,"Sì, confermo",Reale,No,"Sì, confermo",Reale,Sì,"Sì, confermo",Reale,Sì,"Sì, confermo",Reale,Sì,"Sì, confermo",Generata da IA,Sì,"Sì, confermo",Reale,Sì,"Sì, confermo",Reale,Sì,"Sì, confermo",Reale,No,"Sì, confermo"
23 o più,Female,Professioni Sanitarie,Reale,Sì,"Sì, confermo",Reale,Sì,"Sì, confermo",Reale,Sì,"Sì, confermo",Reale,Sì,"Sì, confermo",Reale,Sì,"Sì, confermo",Reale,Sì,"Sì, confermo",Reale,Sì,"Sì, confermo",Reale,Sì,"Sì, confermo",Reale,Sì,"Sì, confermo",Reale,Sì,"Sì, confermo",Reale,Sì,"Sì, confermo",Reale,Sì,"Sì, confermo",Reale,Sì,"Sì, confermo",Reale,Sì,"Sì, confermo",Reale,Sì,"Sì, confermo"
23 o più,Female,Professioni Sanitarie,Generata da IA,No,"Sì, confermo",Reale,No,"Sì, confermo",Generata da IA,No,"Sì, confermo",Generata da IA,No,"Sì, confermo",Reale,No,"Sì, confermo",Reale,No,"Sì, confermo",Reale,No,"Sì, confermo",Reale,No,"Sì, confermo",Reale,No,"Sì, confermo",Reale,No,"Sì, confermo",Generata da IA,Sì,"Sì, confermo",Generata da IA,Sì,"Sì, confermo",Reale,No,"Sì, confermo",Generata da IA,Sì,"Sì, confermo",Reale,No,"Sì, confermo"
23 o più,Female,Professioni Sanitarie,Generata da IA,Sì,"Sì, confermo",Generata da IA,Sì,"Sì, confermo",Reale,No,"Sì, confermo",Generata da IA,Sì,"Sì, confermo",Reale,No,"Sì, confermo",Generata da IA,Sì,"Sì, confermo",Reale,No,"Sì, confermo",Generata da IA,Sì,"Sì, confermo",Reale,No,"Sì, confermo",Reale,No,"Sì, confermo",Generata da IA,Sì,"Sì, confermo",Reale,No,"Sì, confermo",Reale,No,"Sì, confermo",Reale,No,"Sì, confermo",Generata da IA,Sì,"Sì, confermo"
22,Female,Professioni Sanitarie,Reale,No,"Sì, confermo",Reale,No,"Sì, confermo",Generata da IA,Sì,"Sì, confermo",Generata da IA,Sì,"Sì, confermo",Reale,No,"Sì, confermo",Generata da IA,Sì,"Sì, confermo",Reale,No,"Sì, confermo",Generata da IA,Sì,"Sì, confermo",Reale,Sì,"Sì, confermo",Reale,No,"Sì, confermo",Reale,Sì,"Sì, confermo",Reale,Sì,"Sì, confermo",Reale,No,"Sì, confermo",Reale,No,"Sì, confermo",Reale,Sì,"Sì, confermo"
23 o più,Female,Professioni Sanitarie,Reale,Sì,"Sì, confermo",Generata da IA,Sì,"Sì, confermo",Generata da IA,Sì,"Sì, confermo",Generata da IA,Sì,"Sì, confermo",Reale,Sì,"Sì, confermo",Reale,Sì,"Sì, confermo",Reale,Sì,"Sì, confermo",Reale,Sì,"Sì, confermo",Reale,Sì,"Sì, confermo",Reale,Sì,"Sì, confermo",Reale,Sì,"Sì, confermo",Reale,Sì,"Sì, confermo",Reale,Sì,"Sì, confermo",Generata da IA,Sì,"Sì, confermo",Reale,Sì,"Sì, confermo"
23 o più,Female,Professioni Sanitarie,Reale,No,"Sì, confermo",Reale,No,"Sì, confermo",Generata da IA,No,"Sì, confermo",Generata da IA,No,"Sì, confermo",Reale,No,"Sì, confermo",Reale,No,"Sì, confermo",Reale,No,"Sì, confermo",Generata da IA,No,"Sì, confermo",Generata da IA,No,"Sì, confermo",Reale,Sì,"Sì, confermo",Reale,Sì,"No, cambio la mia scelta",Reale,No,"Sì, confermo",Reale,No,"Sì, confermo",Reale,No,"Sì, confermo",Reale,No,"Sì, confermo"
23 o più,Female,Professioni Sanitarie,Reale,No,"Sì, confermo",Generata da IA,Sì,"No, cambio la mia scelta",Reale,No,"Sì, confermo",Reale,No,"Sì, confermo",Reale,No,"Sì, confermo",Reale,No,"Sì, confermo",Reale,No,"No, cambio la mia scelta",Generata da IA,Sì,"Sì, confermo",Reale,No,"Sì, confermo",Reale,No,"Sì, confermo",Reale,No,"No, cambio la mia scelta",Reale,No,"No, cambio la mia scelta",Reale,No,"Sì, confermo",Reale,No,"Sì, confermo",Reale,No,"No, cambio la mia scelta"
23 o più,Female,Professioni Sanitarie,Generata da IA,No,"Sì, confermo",Generata da IA,No,"Sì, confermo",Generata da IA,No,"Sì, confermo",Generata da IA,No,"Sì, confermo",Reale,No,"Sì, confermo",Generata da IA,No,"Sì, confermo",Generata da IA,No,"Sì, confermo",Generata da IA,No,"Sì, confermo",Generata da IA,No,"Sì, confermo",Generata da IA,No,"Sì, confermo",Generata da IA,No,"Sì, confermo",Reale,No,"Sì, confermo",Reale,No,"Sì, confermo",Reale,No,"Sì, confermo",Generata da IA,No,"Sì, confermo"
23 o più,Male,Professioni Sanitarie,Generata da IA,No,"Sì, confermo",Generata da IA,Sì,"No, cambio la mia scelta",Reale,No,"No, cambio la mia scelta",Generata da IA,Sì,"Sì, confermo",Reale,Sì,"Sì, confermo",Reale,No,"No, cambio la mia scelta",Generata da IA,No,"Sì, confermo",Reale,Sì,"Sì, confermo",Generata da IA,Sì,"Sì, confermo",Reale,Sì,"Sì, confermo",Generata da IA,Sì,"Sì, confermo",Reale,Sì,"No, cambio la mia scelta",Reale,Sì,"Sì, confermo",Reale,Sì,"No, cambio la mia scelta",Reale,Sì,"No, cambio la mia scelta"
23 o più,Female,Professioni Sanitarie,Generata da IA,Sì,"Sì, confermo",Generata da IA,Sì,"Sì, confermo",Generata da IA,Sì,"Sì, confermo",Generata da IA,Sì,"Sì, confermo",Generata da IA,No,"Sì, confermo",Generata da IA,No,"Sì, confermo",Reale,Sì,"Sì, confermo",Generata da IA,Sì,"Sì, confermo",Generata da IA,Sì,"Sì, confermo",Reale,No,"Sì, confermo",Generata da IA,Sì,"Sì, confermo",Generata da IA,Sì,"Sì, confermo",Generata da IA,Sì,"Sì, confermo",Reale,No,"Sì, confermo",Reale,Sì,"Sì, confermo"
23 o più,Male,Professioni Sanitarie,Generata da IA,Sì,"Sì, confermo",Reale,Sì,"Sì, confermo",Reale,Sì,"No, cambio la mia scelta",Generata da IA,Sì,"Sì, confermo",Reale,Sì,"Sì, confermo",Reale,Sì,"Sì, confermo",Reale,Sì,"Sì, confermo",Generata da IA,Sì,"Sì, confermo",Generata da IA,Sì,"No, cambio la mia scelta",Generata da IA,Sì,"No, cambio la mia scelta",Reale,Sì,"Sì, confermo",Reale,Sì,"Sì, confermo",Reale,Sì,"Sì, confermo",Generata da IA,Sì,"Sì, confermo",Reale,No,"Sì, confermo"
23 o più,Female,Professioni Sanitarie,Reale,Sì,"Sì, confermo",Generata da IA,Sì,"Sì, confermo",Reale,Sì,"Sì, confermo",Generata da IA,Sì,"Sì, confermo",Generata da IA,Sì,"Sì, confermo",Reale,Sì,"Sì, confermo",Reale,Sì,"Sì, confermo",Generata da IA,Sì,"Sì, confermo",Reale,Sì,"Sì, confermo",Reale,Sì,"Sì, confermo",Generata da IA,Sì,"Sì, confermo",Reale,Sì,"Sì, confermo",Reale,No,"Sì, confermo",Generata da IA,Sì,"Sì, confermo",Generata da IA,Sì,"Sì, confermo"
23 o più,Male,Professioni Sanitarie,Generata da IA,Sì,"Sì, confermo",Generata da IA,Sì,"Sì, confermo",Generata da IA,Sì,"Sì, confermo",Generata da IA,Sì,"Sì, confermo",Reale,No,"Sì, confermo",Generata da IA,Sì,"Sì, confermo",Reale,No,"Sì, confermo",Reale,No,"Sì, confermo",Reale,Sì,"Sì, confermo",Reale,Sì,"Sì, confermo",Reale,Sì,"Sì, confermo",Generata da IA,Sì,"Sì, confermo",Reale,Sì,"Sì, confermo",Generata da IA,No,"Sì, confermo",Reale,Sì,"Sì, confermo"
23 o più,Male,Professioni Sanitarie,Generata da IA,Sì,"Sì, confermo",Generata da IA,No,"Sì, confermo",Generata da IA,Sì,"No, cambio la mia scelta",Generata da IA,No,"Sì, confermo",Generata da IA,Sì,"Sì, confermo",Generata da IA,No,"Sì, confermo",Reale,No,"Sì, confermo",Generata da IA,Sì,"Sì, confermo",Reale,No,"Sì, confermo",Reale,No,"Sì, confermo",Reale,No,"Sì, confermo",Reale,No,"Sì, confermo",Reale,No,"Sì, confermo",Generata da IA,Sì,"Sì, confermo",Reale,No,"Sì, confermo"
23 o più,Female,Professioni Sanitarie,Generata da IA,No,"Sì, confermo",Generata da IA,No,"Sì, confermo",Reale,Sì,"Sì, confermo",Reale,Sì,"Sì, confermo",Reale,Sì,"Sì, confermo",Generata da IA,Sì,"Sì, confermo",Reale,No,"Sì, confermo",Generata da IA,No,"Sì, confermo",Reale,Sì,"Sì, confermo",Reale,Sì,"Sì, confermo",Generata da IA,Sì,"Sì, confermo",Reale,No,"Sì, confermo",Reale,No,"Sì, confermo",Reale,Sì,"Sì, confermo",Generata da IA,Sì,"Sì, confermo"
22,Female,Professioni Sanitarie,Reale,Sì,"Sì, confermo",Reale,No,"Sì, confermo",Generata da IA,No,"Sì, confermo",Generata da IA,No,"Sì, confermo",Reale,No,"Sì, confermo",Generata da IA,No,"Sì, confermo",Reale,No,"Sì, confermo",Generata da IA,No,"Sì, confermo",Reale,Sì,"Sì, confermo",Reale,No,"Sì, confermo",Reale,Sì,"Sì, confermo",Reale,Sì,"Sì, confermo",Reale,Sì,"Sì, confermo",Generata da IA,Sì,"Sì, confermo",Generata da IA,Sì,"Sì, confermo"
23 o più,Female,Professioni Sanitarie,Generata da IA,Sì,"Sì, confermo",Generata da IA,Sì,"Sì, confermo",Generata da IA,No,"Sì, confermo",Reale,No,"Sì, confermo",Generata da IA,No,"Sì, confermo",Reale,No,"Sì, confermo",Reale,Sì,"Sì, confermo",Generata da IA,Sì,"Sì, confermo",Reale,No,"Sì, confermo",Generata da IA,Sì,"No, cambio la mia scelta",Generata da IA,No,"Sì, confermo",Reale,No,"Sì, confermo",Reale,No,"Sì, confermo",Reale,Sì,"Sì, confermo",Generata da IA,No,"Sì, confermo"
23 o più,Female,Professioni Sanitarie,Generata da IA,Sì,"Sì, confermo",Generata da IA,Sì,"Sì, confermo",Generata da IA,Sì,"Sì, confermo",Reale,Sì,"Sì, confermo",Reale,Sì,"Sì, confermo",Reale,Sì,"Sì, confermo",Reale,No,"Sì, confermo",Generata da IA,Sì,"Sì, confermo",Reale,Sì,"Sì, confermo",Reale,Sì,"Sì, confermo",Reale,No,"Sì, confermo",Reale,No,"Sì, confermo",Reale,No,"Sì, confermo",Generata da IA,Sì,"Sì, confermo",Reale,Sì,"Sì, confermo"
23 o più,Male,Professioni Sanitarie,Generata da IA,Sì,"Sì, confermo",Reale,Sì,"Sì, confermo",Reale,Sì,"Sì, confermo",Generata da IA,Sì,"Sì, confermo",Reale,No,"Sì, confermo",Generata da IA,Sì,"Sì, confermo",Reale,No,"Sì, confermo",Generata da IA,No,"Sì, confermo",Reale,Sì,"Sì, confermo",Reale,Sì,"Sì, confermo",Reale,Sì,"Sì, confermo",Reale,No,"Sì, confermo",Reale,No,"Sì, confermo",Generata da IA,Sì,"Sì, confermo",Reale,No,"No, cambio la mia scelta"
23 o più,Female,Professioni Sanitarie,Generata da IA,Sì,"Sì, confermo",Reale,Sì,"Sì, confermo",Generata da IA,No,"Sì, confermo",Generata da IA,No,"Sì, confermo",Reale,No,"Sì, confermo",Reale,Sì,"Sì, confermo",Reale,No,"Sì, confermo",Reale,No,"Sì, confermo",Reale,No,"Sì, confermo",Reale,No,"Sì, confermo",Reale,No,"Sì, confermo",Generata da IA,No,"Sì, confermo",Reale,No,"Sì, confermo",Generata da IA,Sì,"Sì, confermo",Reale,No,"Sì, confermo"
23 o più,Male,Professioni Sanitarie,Reale,Sì,"Sì, confermo",Reale,Sì,"Sì, confermo",Generata da IA,Sì,"Sì, confermo",Generata da IA,Sì,"Sì, confermo",Reale,Sì,"Sì, confermo",Reale,Sì,"Sì, confermo",Generata da IA,Sì,"Sì, confermo",Reale,Sì,"Sì, confermo",Reale,Sì,"Sì, confermo",Reale,Sì,"Sì, confermo",Reale,Sì,"No, cambio la mia scelta",Reale,Sì,"Sì, confermo",Reale,Sì,"Sì, confermo",Reale,Sì,"Sì, confermo",Reale,Sì,"No, cambio la mia scelta"
23 o più,Female,Professioni Sanitarie,Generata da IA,No,"Sì, confermo",Generata da IA,Sì,"Sì, confermo",Generata da IA,Sì,"Sì, confermo",Generata da IA,No,"Sì, confermo",Reale,No,"Sì, confermo",Generata da IA,Sì,"Sì, confermo",Reale,Sì,"Sì, confermo",Generata da IA,Sì,"Sì, confermo",Reale,No,"Sì, confermo",Reale,Sì,"Sì, confermo",Reale,Sì,"Sì, confermo",Reale,Sì,"Sì, confermo",Reale,Sì,"Sì, confermo",Generata da IA,No,"Sì, confermo",Reale,Sì,"Sì, confermo"
23 o più,Female,Professioni Sanitarie,Reale,No,"Sì, confermo",Generata da IA,No,"Sì, confermo",Generata da IA,No,"Sì, confermo",Generata da IA,Sì,"Sì, confermo",Reale,No,"Sì, confermo",Reale,Sì,"Sì, confermo",Reale,Sì,"Sì, confermo",Reale,Sì,"Sì, confermo",Reale,No,"Sì, confermo",Generata da IA,No,"Sì, confermo",Generata da IA,No,"Sì, confermo",Reale,No,"Sì, confermo",Reale,Sì,"Sì, confermo",Generata da IA,No,"Sì, confermo",Generata da IA,Sì,"Sì, confermo"
23 o più,Female,Professioni Sanitarie,Generata da IA,Sì,"Sì, confermo",Generata da IA,Sì,"Sì, confermo",Generata da IA,Sì,"Sì, confermo",Generata da IA,Sì,"Sì, confermo",Generata da IA,Sì,"Sì, confermo",Generata da IA,Sì,"Sì, confermo",Reale,No,"Sì, confermo",Generata da IA,Sì,"Sì, confermo",Reale,No,"Sì, confermo",Reale,No,"Sì, confermo",Generata da IA,Sì,"Sì, confermo",Reale,No,"Sì, confermo",Reale,No,"Sì, confermo",Generata da IA,Sì,"Sì, confermo",Generata da IA,Sì,"Sì, confermo"
23 o più,Female,Professioni Sanitarie,Reale,Sì,"Sì, confermo",Generata da IA,Sì,"No, cambio la mia scelta",Generata da IA,Sì,"Sì, confermo",Reale,Sì,"Sì, confermo",Generata da IA,Sì,"Sì, confermo",Generata da IA,Sì,"Sì, confermo",Reale,Sì,"No, cambio la mia scelta",Reale,Sì,"No, cambio la mia scelta",Reale,Sì,"Sì, confermo",Reale,Sì,"Sì, confermo",Reale,Sì,"No, cambio la mia scelta",Generata da IA,Sì,"Sì, confermo",Reale,Sì,"Sì, confermo",Generata da IA,Sì,"No, cambio la mia scelta",Reale,Sì,"No, cambio la mia scelta"
23 o più,Male,Scuola di Medicina,Generata da IA,Sì,"Sì, confermo",Reale,No,"Sì, confermo",Generata da IA,No,"Sì, confermo",Generata da IA,No,"Sì, confermo",Reale,No,"Sì, confermo",Reale,Sì,"Sì, confermo",Reale,No,"Sì, confermo",Generata da IA,No,"Sì, confermo",Generata da IA,No,"Sì, confermo",Reale,No,"Sì, confermo",Reale,No,"Sì, confermo",Reale,No,"No, cambio la mia scelta",Reale,No,"Sì, confermo",Generata da IA,No,"Sì, confermo",Generata da IA,Sì,"Sì, confermo"
23 o più,Female,DiSFor,Generata da IA,Sì,"Sì, confermo",Generata da IA,No,"Sì, confermo",Generata da IA,No,"Sì, confermo",Generata da IA,No,"Sì, confermo",Generata da IA,Sì,"Sì, confermo",Generata da IA,Sì,"Sì, confermo",Reale,No,"Sì, confermo",Generata da IA,No,"Sì, confermo",Generata da IA,Sì,"Sì, confermo",Reale,Sì,"Sì, confermo",Reale,No,"No, cambio la mia scelta",Reale,No,"Sì, confermo",Reale,No,"Sì, confermo",Reale,Sì,"Sì, confermo",Reale,No,"No, cambio la mia scelta"
23 o più,Female,DiSFor,Reale,Sì,"Sì, confermo",Reale,No,"Sì, confermo",Reale,Sì,"No, cambio la mia scelta",Reale,No,"Sì, confermo",Reale,Sì,"Sì, confermo",Reale,No,"Sì, confermo",Reale,No,"No, cambio la mia scelta",Reale,No,"Sì, confermo",Reale,No,"Sì, confermo",Reale,No,"Sì, confermo",Generata da IA,No,"Sì, confermo",Reale,No,"Sì, confermo",Reale,No,"Sì, confermo",Reale,No,"Sì, confermo",Reale,No,"Sì, confermo"
22,Female,DEI,Reale,Sì,"Sì, confermo",Generata da IA,Sì,"Sì, confermo",Reale,No,"Sì, confermo",Reale,Sì,"Sì, confermo",Generata da IA,Sì,"No, cambio la mia scelta",Generata da IA,Sì,"Sì, confermo",Reale,No,"Sì, confermo",Generata da IA,Sì,"Sì, confermo",Reale,No,"Sì, confermo",Reale,No,"Sì, confermo",Generata da IA,Sì,"Sì, confermo",Reale,No,"Sì, confermo",Reale,No,"Sì, confermo",Reale,Sì,"Sì, confermo",Generata da IA,Sì,"Sì, confermo"
20,Female,Economia Aziendale ,Reale,Sì,"Sì, confermo",Reale,Sì,"Sì, confermo",Generata da IA,No,"Sì, confermo",Generata da IA,Sì,"Sì, confermo",Reale,Sì,"Sì, confermo",Reale,Sì,"Sì, confermo",Reale,Sì,"Sì, confermo",Generata da IA,Sì,"Sì, confermo",Reale,Sì,"Sì, confermo",Reale,Sì,"Sì, confermo",Reale,Sì,"Sì, confermo",Reale,Sì,"No, cambio la mia scelta",Reale,Sì,"Sì, confermo",Reale,Sì,"Sì, confermo",Reale,Sì,"Sì, confermo"
23 o più,Male,Dipartimento di Scienze Politiche e Socali ,Generata da IA,No,"Sì, confermo",Generata da IA,No,"No, cambio la mia scelta",Generata da IA,No,"Sì, confermo",Generata da IA,No,"Sì, confermo",Reale,No,"Sì, confermo",Generata da IA,No,"Sì, confermo",Reale,No,"Sì, confermo",Generata da IA,No,"Sì, confermo",Generata da IA,Sì,"No, cambio la mia scelta",Reale,No,"Sì, confermo",Reale,No,"Sì, confermo",Reale,No,"Sì, confermo",Reale,No,"Sì, confermo",Generata da IA,No,"Sì, confermo",Reale,No,"Sì, confermo"
23 o più,Female,Disum,Reale,Sì,"Sì, confermo",Generata da IA,Sì,"No, cambio la mia scelta",Generata da IA,Sì,"Sì, confermo",Generata da IA,Sì,"Sì, confermo",Reale,Sì,"Sì, confermo",Reale,Sì,"Sì, confermo",Reale,No,"Sì, confermo",Reale,No,"No, cambio la mia scelta",Reale,No,"Sì, confermo",Reale,No,"Sì, confermo",Reale,No,"No, cambio la mia scelta",Reale,No,"No, cambio la mia scelta",Reale,No,"Sì, confermo",Generata da IA,Sì,"Sì, confermo",Reale,No,"Sì, confermo"
20,Female,DiSFor,Generata da IA,Sì,"Sì, confermo",Reale,Sì,"Sì, confermo",Generata da IA,Sì,"Sì, confermo",Generata da IA,Sì,"Sì, confermo",Reale,Sì,"Sì, confermo",Generata da IA,Sì,"Sì, confermo",Reale,Sì,"Sì, confermo",Generata da IA,Sì,"Sì, confermo",Generata da IA,Sì,"Sì, confermo",Reale,Sì,"Sì, confermo",Generata da IA,Sì,"Sì, confermo",Reale,Sì,"Sì, confermo",Reale,Sì,"Sì, confermo",Generata da IA,Sì,"Sì, confermo",Generata da IA,Sì,"Sì, confermo"
