Età,Sesso biologico,Dipartimento di afferenza,Credi che questa immagine sia stata generata da IA o che sia reale?,Hai avuto dubbi sulla veridicità dell'immagine?,"Un algoritmo ti suggerisce che, all'77%, l'immagine precedente sia stata generata da IA. Confermi la tua scelta?",Credi che questa immagine sia stata generata da IA o che sia reale?.1,Hai avuto dubbi sulla veridicità dell'immagine?.1,"Un algoritmo ti suggerisce che, all'81%, l'immagine precedente sia stata generata da IA. Confermi la tua scelta?",Credi che questa immagine sia stata generata da IA o che sia reale?.2,Hai avuto dubbi sulla veridicità dell'immagine?.2,"Un algoritmo ti suggerisce che, al 24%, l'immagine precedente sia stata generata da IA. Confermi la tua scelta?",Credi che questa immagine sia stata generata da IA o che sia reale?.3,Hai avuto dubbi sulla veridicità dell'immagine?.3,"Un algoritmo ti suggerisce che, all'84%, l'immagine precedente sia stata generata da IA. Confermi la tua scelta?",Credi che questa immagine sia stata generata da IA o che sia reale?.4,Hai avuto dubbi sulla veridicità dell'immagine?.4,"Un algoritmo ti suggerisce che, al 20%, l'immagine precedente sia stata generata da IA. Confermi la tua scelta?",Credi che questa immagine sia stata generata da IA o che sia reale?.5,Hai avuto dubbi sulla veridicità dell'immagine?.5,"Un algoritmo ti suggerisce che, al 66%, l'immagine precedente sia stata generata da IA. Confermi la tua scelta?",Credi che questa immagine sia stata generata da IA o che sia reale?.6,Hai avuto dubbi sulla veridicità dell'immagine?.6,"Un algoritmo ti suggerisce che, al 90%, l'immagine precedente sia stata generata da IA. Confermi la tua scelta?",Credi che questa immagine sia stata generata da IA o che sia reale?.7,Hai avuto dubbi sulla veridicità dell'immagine?.7,"Un algoritmo ti suggerisce che, al 62%, l'immagine precedente sia stata generata da IA. Confermi la tua scelta?",Credi che questa immagine sia stata generata da IA o che sia reale?.8,Hai avuto dubbi sulla veridicità dell'immagine?.8,"Un algoritmo ti suggerisce che, al 20%, l'immagine precedente sia stata generata da IA. Confermi la tua scelta?.1",Credi che questa immagine sia stata generata da IA o che sia reale?.9,Hai avuto dubbi sulla veridicità dell'immagine?.9,"Un algoritmo ti suggerisce che, al 85%, l'immagine precedente sia stata generata da IA. Confermi la tua scelta?",Credi che questa immagine sia stata generata da IA o che sia reale?.10,Hai avuto dubbi sulla veridicità dell'immagine?.10,"Un algoritmo ti suggerisce che, al 43%, l'immagine precedente sia stata generata da IA. Confermi la tua scelta?",Credi che questa immagine sia stata generata da IA o che sia reale?.11,Hai avuto dubbi sulla veridicità dell'immagine?.11,"Un algoritmo ti suggerisce che, al 52%, l'immagine precedente sia stata generata da IA. Confermi la tua scelta?",Credi che questa immagine sia stata generata da IA o che sia reale?.12,Hai avuto dubbi sulla veridicità dell'immagine?.12,"Un algoritmo ti suggerisce che, al 98%, l'immagine precedente sia stata generata da IA. Confermi la tua scelta?",Credi che questa immagine sia stata generata da IA o che sia reale?.13,Hai avuto dubbi sulla veridicità dell'immagine?.13,"Un algoritmo ti suggerisce che, al 42%, l'immagine precedente sia stata generata da IA. Confermi la tua scelta?",Credi che questa immagine sia stata generata da IA o che sia reale?.14,Hai avuto dubbi sulla veridicità dell'immagine?.14,"Un algoritmo ti suggerisce che, al 15%, l'immagine precedente sia stata generata da IA. Confermi la tua scelta?"
21,Male,DMI,Reale,Sì,"Sì, confermo",Generata da IA,No,"Sì, confermo",Generata da IA,No,"Sì, confermo",Reale,No,"Sì, confermo",Reale,No,"Sì, confermo",Reale,No,"Sì, confermo",Reale,No,"Sì, confermo",Reale,No,"Sì, confermo",Reale,Sì,"Sì, confermo",Generata da IA,No,"Sì, confermo",Generata da IA,Sì,"Sì, confermo",Reale,No,"Sì, confermo",Generata da IA,Sì,"Sì, confermo",Generata da IA,No,"Sì, confermo",Generata da IA,Sì,"Sì, confermo"
21,Male,DIEEI,Reale,Sì,"Sì, confermo",Reale,No,"Sì, confermo",Generata da IA,No,"Sì, confermo",Reale,No,"Sì, confermo",Reale,Sì,"Sì, confermo",Reale,No,"Sì, confermo",Reale,No,"Sì, confermo",Generata da IA,Sì,"Sì, confermo",Reale,No,"Sì, confermo",Reale,No,"Sì, confermo",Generata da IA,Sì,"No, cambio la mia scelta",Reale,No,"Sì, confermo",Generata da IA,No,"Sì, confermo",Generata da IA,No,"Sì, confermo",Generata da IA,Sì,"Sì, confermo"
22,Male,Dieei,Generata da IA,Sì,"Sì, confermo",Generata da IA,No,"Sì, confermo",Generata da IA,Sì,"No, cambio la mia scelta",Reale,No,"Sì, confermo",Generata da IA,No,"Sì, confermo",Reale,No,"Sì, confermo",Generata da IA,No,"Sì, confermo",Reale,No,"Sì, confermo",Reale,No,"Sì, confermo",Reale,No,"No, cambio la mia scelta",Reale,No,"Sì, confermo",Generata da IA,No,"Sì, confermo",Reale,No,"No, cambio la mia scelta",Generata da IA,No,"Sì, confermo",Generata da IA,No,"No, cambio la mia scelta"
21,Female,DMI,Reale,No,"Sì, confermo",Generata da IA,No,"Sì, confermo",Generata da IA,No,"Sì, confermo",Reale,No,"Sì, confermo",Reale,No,"Sì, confermo",Reale,No,"Sì, confermo",Reale,No,"Sì, confermo",Reale,No,"Sì, confermo",Reale,No,"Sì, confermo",Reale,No,"Sì, confermo",Reale,No,"Sì, confermo",Generata da IA,Sì,"Sì, confermo",Reale,No,"Sì, confermo",Generata da IA,Sì,"Sì, confermo",Generata da IA,Sì,"Sì, confermo"
21,Female,DMI,Generata da IA,Sì,"Sì, confermo",Generata da IA,Sì,"Sì, confermo",Reale,No,"Sì, confermo",Reale,No,"Sì, confermo",Reale,No,"Sì, confermo",Generata da IA,Sì,"Sì, confermo",Reale,No,"Sì, confermo",Reale,No,"Sì, confermo",Reale,No,"Sì, confermo",Generata da IA,No,"Sì, confermo",Reale,Sì,"Sì, confermo",Reale,No,"Sì, confermo",Reale,No,"Sì, confermo",Generata da IA,No,"Sì, confermo",Reale,No,"Sì, confermo"
21,Female,DMI,Generata da IA,Sì,"Sì, confermo",Generata da IA,Sì,"Sì, confermo",Reale,Sì,"Sì, confermo",Reale,No,"No, cambio la mia scelta",Generata da IA,Sì,"Sì, confermo",Reale,No,"Sì, confermo",Reale,Sì,"Sì, confermo",Reale,Sì,"Sì, confermo",Reale,No,"Sì, confermo",Generata da IA,No,"Sì, confermo",Reale,Sì,"Sì, confermo",Generata da IA,Sì,"Sì, confermo",Generata da IA,Sì,"Sì, confermo",Generata da IA,No,"Sì, confermo",Generata da IA,No,"Sì, confermo"
23 o più,Male,DMI,Reale,No,"Sì, confermo",Reale,No,"No, cambio la mia scelta",Reale,No,"Sì, confermo",Reale,No,"No, cambio la mia scelta",Generata da IA,Sì,"No, cambio la mia scelta",Generata da IA,No,"Sì, confermo",Reale,No,"Sì, confermo",Reale,No,"Sì, confermo",Reale,No,"Sì, confermo",Reale,No,"Sì, confermo",Reale,No,"Sì, confermo",Reale,No,"Sì, confermo",Reale,No,"No, cambio la mia scelta",Reale,No,"Sì, confermo",Generata da IA,No,"Sì, confermo"
22,Female,Dieei,Generata da IA,Sì,"Sì, confermo",Generata da IA,No,"Sì, confermo",Generata da IA,No,"Sì, confermo",Generata da IA,Sì,"Sì, confermo",Reale,Sì,"Sì, confermo",Generata da IA,Sì,"Sì, confermo",Reale,No,"Sì, confermo",Reale,No,"Sì, confermo",Reale,Sì,"Sì, confermo",Reale,No,"Sì, confermo",Reale,No,"Sì, confermo",Generata da IA,No,"Sì, confermo",Reale,Sì,"No, cambio la mia scelta",Generata da IA,No,"Sì, confermo",Generata da IA,No,"Sì, confermo"
22,Male,DMI,Generata da IA,Sì,"Sì, confermo",Generata da IA,Sì,"Sì, confermo",Reale,Sì,"Sì, confermo",Reale,No,"Sì, confermo",Reale,No,"Sì, confermo",Reale,No,"Sì, confermo",Reale,No,"Sì, confermo",Reale,No,"Sì, confermo",Reale,No,"Sì, confermo",Reale,Sì,"Sì, confermo",Reale,Sì,"Sì, confermo",Generata da IA,Sì,"Sì, confermo",Reale,Sì,"Sì, confermo",Generata da IA,Sì,"Sì, confermo",Generata da IA,Sì,"Sì, confermo"
23 o più,Male,DMI,Reale,Sì,"Sì, confermo",Generata da IA,No,"Sì, confermo",Generata da IA,No,"Sì, confermo",Reale,No,"Sì, confermo",Generata da IA,No,"Sì, confermo",Generata da IA,Sì,"Sì, confermo",Reale,Sì,"Sì, confermo",Reale,No,"Sì, confermo",Reale,Sì,"Sì, confermo",Reale,Sì,"Sì, confermo",Generata da IA,Sì,"Sì, confermo",Generata da IA,No,"Sì, confermo",Reale,No,"No, cambio la mia scelta",Generata da IA,No,"Sì, confermo",Generata da IA,Sì,"Sì, confermo"
21,Male,DMI,Reale,No,"Sì, confermo",Generata da IA,Sì,"Sì, confermo",Generata da IA,Sì,"No, cambio la mia scelta",Reale,No,"Sì, confermo",Generata da IA,Sì,"Sì, confermo",Reale,No,"Sì, confermo",Generata da IA,Sì,"Sì, confermo",Reale,No,"Sì, confermo",Reale,No,"Sì, confermo",Generata da IA,Sì,"Sì, confermo",Generata da IA,Sì,"Sì, confermo",Reale,No,"Sì, confermo",Reale,No,"No, cambio la mia scelta",Generata da IA,Sì,"Sì, confermo",Generata da IA,Sì,"Sì, confermo"
22,Male,DMI,Reale,No,"Sì, confermo",Generata da IA,No,"Sì, confermo",Reale,Sì,"Sì, confermo",Reale,Sì,"No, cambio la mia scelta",Reale,No,"Sì, confermo",Reale,No,"Sì, confermo",Reale,No,"Sì, confermo",Reale,Sì,"Sì, confermo",Reale,Sì,"Sì, confermo",Reale,No,"Sì, confermo",Generata da IA,No,"Sì, confermo",Generata da IA,No,"Sì, confermo",Reale,No,"Sì, confermo",Generata da IA,No,"Sì, confermo",Generata da IA,Sì,"Sì, confermo"
23 o più,Female,DMI,Generata da IA,Sì,"Sì, confermo",Generata da IA,Sì,"Sì, confermo",Reale,No,"Sì, confermo",Reale,No,"Sì, confermo",Generata da IA,Sì,"Sì, confermo",Generata da IA,No,"Sì, confermo",Reale,No,"Sì, confermo",Reale,No,"Sì, confermo",Reale,Sì,"Sì, confermo",Generata da IA,No,"Sì, confermo",Reale,No,"Sì, confermo",Generata da IA,Sì,"Sì, confermo",Generata da IA,No,"Sì, confermo",Generata da IA,No,"Sì, confermo",Generata da IA,No,"Sì, confermo"
23 o più,Female,DMI,Reale,No,"Sì, confermo",Generata da IA,No,"Sì, confermo",Reale,Sì,"Sì, confermo",Reale,Sì,"No, cambio la mia scelta",Generata da IA,No,"Sì, confermo",Generata da IA,Sì,"Sì, confermo",Reale,No,"Sì, confermo",Reale,No,"Sì, confermo",Generata da IA,No,"Sì, confermo",Reale,No,"Sì, confermo",Reale,No,"Sì, confermo",Reale,No,"Sì, confermo",Reale,Sì,"Sì, confermo",Generata da IA,No,"Sì, confermo",Generata da IA,No,"Sì, confermo"
23 o più,Male,DMI,Reale,No,"Sì, confermo",Reale,No,"Sì, confermo",Generata da IA,No,"Sì, confermo",Generata da IA,No,"Sì, confermo",Generata da IA,No,"Sì, confermo",Generata da IA,No,"Sì, confermo",Reale,No,"Sì, confermo",Reale,No,"Sì, confermo",Reale,No,"Sì, confermo",Reale,No,"Sì, confermo",Reale,No,"Sì, confermo",Generata da IA,No,"Sì, confermo",Reale,No,"Sì, confermo",Generata da IA,No,"Sì, confermo",Generata da IA,No,"Sì, confermo"
22,Male,DMI,Generata da IA,Sì,"Sì, confermo",Reale,No,"No, cambio la mia scelta",Generata da IA,Sì,"Sì, confermo",Reale,Sì,"Sì, confermo",Generata da IA,No,"Sì, confermo",Generata da IA,No,"Sì, confermo",Reale,No,"Sì, confermo",Generata da IA,No,"Sì, confermo",Reale,No,"Sì, confermo",Generata da IA,Sì,"Sì, confermo",Generata da IA,Sì,"Sì, confermo",Reale,No,"Sì, confermo",Generata da IA,Sì,"Sì, confermo",Reale,Sì,"No, cambio la mia scelta",Reale,No,"Sì, confermo"
23 o più,Male,DMI,Reale,No,"Sì, confermo",Generata da IA,Sì,"Sì, confermo",Reale,Sì,"Sì, confermo",Generata da IA,Sì,"Sì, confermo",Generata da IA,No,"Sì, confermo",Reale,No,"Sì, confermo",Generata da IA,No,"Sì, confermo",Reale,Sì,"Sì, confermo",Reale,No,"Sì, confermo",Generata da IA,No,"Sì, confermo",Reale,No,"Sì, confermo",Generata da IA,Sì,"Sì, confermo",Reale,Sì,"Sì, confermo",Generata da IA,Sì,"Sì, confermo",Reale,Sì,"Sì, confermo"
23 o più,Male,3 dipartimenti ,Reale,No,"No, cambio la mia scelta",Generata da IA,Sì,"Sì, confermo",Reale,Sì,"Sì, confermo",Reale,Sì,"No, cambio la mia scelta",Generata da IA,Sì,"No, cambio la mia scelta",Reale,No,"Sì, confermo",Reale,No,"No, cambio la mia scelta",Reale,No,"Sì, confermo",Generata da IA,No,"No, cambio la mia scelta",Generata da IA,Sì,"Sì, confermo",Reale,No,"Sì, confermo",Reale,Sì,"Sì, confermo",Generata da IA,Sì,"Sì, confermo",Generata da IA,Sì,"Sì, confermo",Generata da IA,Sì,"No, cambio la mia scelta"
23 o più,Male,DMI,Generata da IA,Sì,"Sì, confermo",Generata da IA,Sì,"Sì, confermo",Generata da IA,Sì,"Sì, confermo",Reale,No,"Sì, confermo",Reale,No,"Sì, confermo",Reale,Sì,"No, cambio la mia scelta",Reale,No,"No, cambio la mia scelta",Generata da IA,Sì,"Sì, confermo",Generata da IA,No,"Sì, confermo",Generata da IA,Sì,"Sì, confermo",Reale,No,"Sì, confermo",Reale,No,"Sì, confermo",Reale,Sì,"No, cambio la mia scelta",Generata da IA,Sì,"Sì, confermo",Generata da IA,Sì,"No, cambio la mia scelta"
23 o più,Male,DMI,Generata da IA,Sì,"Sì, confermo",Generata da IA,No,"Sì, confermo",Generata da IA,No,"Sì, confermo",Generata da IA,No,"Sì, confermo",Generata da IA,No,"Sì, confermo",Reale,No,"No, cambio la mia scelta",Reale,No,"Sì, confermo",Generata da IA,No,"Sì, confermo",Reale,No,"Sì, confermo",Generata da IA,No,"Sì, confermo",Generata da IA,Sì,"Sì, confermo",Generata da IA,No,"Sì, confermo",Generata da IA,No,"Sì, confermo",Generata da IA,No,"Sì, confermo",Generata da IA,No,"Sì, confermo"
23 o più,Female,DiSFor,Generata da IA,Sì,"Sì, confermo",Generata da IA,Sì,"Sì, confermo",Generata da IA,No,"Sì, confermo",Reale,Sì,"Sì, confermo",Reale,No,"Sì, confermo",Generata da IA,Sì,"Sì, confermo",Reale,No,"Sì, confermo",Reale,Sì,"Sì, confermo",Generata da IA,Sì,"Sì, confermo",Reale,Sì,"Sì, confermo",Reale,Sì,"Sì, confermo",Reale,No,"Sì, confermo",Generata da IA,Sì,"Sì, confermo",Generata da IA,No,"Sì, confermo",Generata da IA,Sì,"No, cambio la mia scelta"
23 o più,Female,DiSFor,Generata da IA,Sì,"Sì, confermo",Generata da IA,Sì,"Sì, confermo",Generata da IA,No,"No, cambio la mia scelta",Reale,Sì,"No, cambio la mia scelta",Reale,Sì,"Sì, confermo",Generata da IA,Sì,"Sì, confermo",Generata da IA,Sì,"Sì, confermo",Generata da IA,Sì,"Sì, confermo",Reale,Sì,"Sì, confermo",Generata da IA,No,"Sì, confermo",Generata da IA,Sì,"Sì, confermo",Reale,No,"Sì, confermo",Generata da IA,Sì,"Sì, confermo",Generata da IA,Sì,"Sì, confermo",Reale,Sì,"Sì, confermo"
23 o più,Female,DiSFor,Reale,Sì,"Sì, confermo",Generata da IA,No,"Sì, confermo",Generata da IA,Sì,"No, cambio la mia scelta",Generata da IA,No,"Sì, confermo",Generata da IA,No,"Sì, confermo",Reale,No,"Sì, confermo",Reale,Sì,"No, cambio la mia scelta",Generata da IA,Sì,"Sì, confermo",Reale,Sì,"Sì, confermo",Reale,No,"Sì, confermo",Generata da IA,Sì,"Sì, confermo",Reale,No,"Sì, confermo",Generata da IA,Sì,"Sì, confermo",Generata da IA,No,"Sì, confermo",Generata da IA,No,"Sì, confermo"
23 o più,Female,DiSFor,Generata da IA,Sì,"Sì, confermo",Generata da IA,No,"Sì, confermo",Generata da IA,No,"Sì, confermo",Reale,Sì,"Sì, confermo",Generata da IA,No,"Sì, confermo",Reale,No,"Sì, confermo",Reale,Sì,"Sì, confermo",Reale,No,"Sì, confermo",Generata da IA,No,"Sì, confermo",Reale,No,"Sì, confermo",Reale,No,"Sì, confermo",Generata da IA,No,"Sì, confermo",Reale,No,"Sì, confermo",Generata da IA,Sì,"Sì, confermo",Generata da IA,No,"Sì, confermo"
23 o più,Female,DiSFor,Reale,Sì,"Sì, confermo",Generata da IA,Sì,"Sì, confermo",Generata da IA,Sì,"No, cambio la mia scelta",Generata da IA,Sì,"Sì, confermo",Generata da IA,Sì,"Sì, confermo",Generata da IA,No,"Sì, confermo",Reale,Sì,"Sì, confermo",Reale,Sì,"Sì, confermo",Reale,Sì,"Sì, confermo",Reale,Sì,"Sì, confermo",Reale,Sì,"Sì, confermo",Generata da IA,Sì,"Sì, confermo",Reale,Sì,"Sì, confermo",Generata da IA,Sì,"Sì, confermo",Generata da IA,Sì,"Sì, confermo"
23 o più,Female,DiSFor,Generata da IA,No,"Sì, confermo",Generata da IA,No,"Sì, confermo",Generata da IA,No,"Sì, confermo",Reale,Sì,"Sì, confermo",Reale,Sì,"Sì, confermo",Reale,No,"Sì, confermo",Reale,No,"Sì, confermo",Reale,No,"Sì, confermo",Generata da IA,No,"Sì, confermo",Generata da IA,No,"Sì, confermo",Reale,No,"Sì, confermo",Reale,No,"Sì, confermo",Reale,No,"Sì, confermo",Generata da IA,No,"Sì, confermo",Generata da IA,Sì,"Sì, confermo"
23 o più,Male,DMI,Reale,No,"Sì, confermo",Reale,No,"Sì, confermo",Generata da IA,Sì,"Sì, confermo",Reale,Sì,"Sì, confermo",Reale,No,"Sì, confermo",Generata da IA,Sì,"Sì, confermo",Generata da IA,No,"Sì, confermo",Generata da IA,Sì,"Sì, confermo",Reale,No,"Sì, confermo",Generata da IA,Sì,"Sì, confermo",Reale,No,"Sì, confermo",Generata da IA,No,"Sì, confermo",Reale,Sì,"Sì, confermo",Generata da IA,No,"Sì, confermo",Generata da IA,Sì,"Sì, confermo"
21,Male,DMI,Reale,No,"Sì, confermo",Reale,No,"Sì, confermo",Generata da IA,Sì,"Sì, confermo",Reale,No,"Sì, confermo",Reale,No,"Sì, confermo",Generata da IA,Sì,"Sì, confermo",Reale,Sì,"Sì, confermo",Reale,Sì,"Sì, confermo",Reale,Sì,"Sì, confermo",Generata da IA,Sì,"Sì, confermo",Generata da IA,Sì,"Sì, confermo",Generata da IA,Sì,"Sì, confermo",Generata da IA,Sì,"Sì, confermo",Reale,Sì,"Sì, confermo",Generata da IA,No,"Sì, confermo"
20,Male,DMI,Reale,No,"Sì, confermo",Generata da IA,No,"Sì, confermo",Reale,No,"Sì, confermo",Reale,No,"Sì, confermo",Reale,Sì,"Sì, confermo",Reale,No,"Sì, confermo",Generata da IA,Sì,"Sì, confermo",Generata da IA,No,"Sì, confermo",Reale,No,"Sì, confermo",Generata da IA,Sì,"Sì, confermo",Reale,Sì,"Sì, confermo",Reale,No,"Sì, confermo",Reale,No,"Sì, confermo",Generata da IA,Sì,"Sì, confermo",Generata da IA,Sì,"Sì, confermo"
21,Male,DMI,Reale,Sì,"Sì, confermo",Reale,No,"Sì, confermo",Reale,No,"Sì, confermo",Generata da IA,No,"Sì, confermo",Reale,No,"Sì, confermo",Reale,Sì,"No, cambio la mia scelta",Reale,No,"No, cambio la mia scelta",Reale,No,"Sì, confermo",Reale,No,"Sì, confermo",Generata da IA,Sì,"Sì, confermo",Reale,No,"Sì, confermo",Reale,No,"Sì, confermo",Generata da IA,No,"Sì, confermo",Generata da IA,Sì,"Sì, confermo",Generata da IA,No,"Sì, confermo"
20,Unspecified,DMI,Reale,Sì,"Sì, confermo",Generata da IA,Sì,"Sì, confermo",Reale,Sì,"Sì, confermo",Reale,No,"Sì, confermo",Reale,No,"Sì, confermo",Generata da IA,Sì,"Sì, confermo",Reale,No,"Sì, confermo",Reale,No,"Sì, confermo",Reale,Sì,"Sì, confermo",Generata da IA,No,"Sì, confermo",Reale,No,"Sì, confermo",Reale,No,"Sì, confermo",Generata da IA,No,"Sì, confermo",Generata da IA,No,"No, cambio la mia scelta",Generata da IA,Sì,"No, cambio la mia scelta"
20,Male,DMI,Generata da IA,Sì,"Sì, confermo",Reale,No,"Sì, confermo",Reale,Sì,"Sì, confermo",Reale,No,"Sì, confermo",Generata da IA,No,"No, cambio la mia scelta",Reale,No,"Sì, confermo",Reale,No,"Sì, confermo",Generata da IA,Sì,"Sì, confermo",Reale,No,"Sì, confermo",Generata da IA,Sì,"Sì, confermo",Reale,No,"Sì, confermo",Generata da IA,Sì,"Sì, confermo",Reale,Sì,"Sì, confermo",Generata da IA,Sì,"Sì, confermo",Generata da IA,Sì,"Sì, confermo"
21,Male,DMI,Reale,No,"No, cambio la mia scelta",Reale,No,"No, cambio la mia scelta",Reale,No,"Sì, confermo",Reale,No,"Sì, confermo",Generata da IA,No,"No, cambio la mia scelta",Reale,No,"Sì, confermo",Reale,No,"Sì, confermo",Reale,No,"Sì, confermo",Reale,No,"Sì, confermo",Reale,No,"Sì, confermo",Generata da IA,No,"No, cambio la mia scelta",Generata da IA,No,"Sì, confermo",Generata da IA,No,"Sì, confermo",Reale,No,"Sì, confermo",Reale,No,"Sì, confermo"
23 o più,Male,DMI,Reale,Sì,"Sì, confermo",Generata da IA,Sì,"Sì, confermo",Generata da IA,Sì,"Sì, confermo",Generata da IA,Sì,"Sì, confermo",Reale,Sì,"Sì, confermo",Generata da IA,Sì,"Sì, confermo",Reale,Sì,"Sì, confermo",Reale,Sì,"Sì, confermo",Reale,Sì,"Sì, confermo",Reale,Sì,"Sì, confermo",Reale,Sì,"Sì, confermo",Reale,Sì,"Sì, confermo",Generata da IA,Sì,"Sì, confermo",Generata da IA,No,"Sì, confermo",Generata da IA,No,"Sì, confermo"
23 o più,Male,DMI,Reale,Sì,"No, cambio la mia scelta",Reale,No,"Sì, confermo",Reale,No,"Sì, confermo",Generata da IA,No,"Sì, confermo",Generata da IA,Sì,"Sì, confermo",Generata da IA,No,"Sì, confermo",Reale,Sì,"No, cambio la mia scelta",Reale,Sì,"Sì, confermo",Reale,No,"Sì, confermo",Reale,No,"Sì, confermo",Reale,No,"Sì, confermo",Generata da IA,No,"Sì, confermo",Generata da IA,Sì,"Sì, confermo",Generata da IA,No,"Sì, confermo",Generata da IA,No,"Sì, confermo"
20,Male,DMI,Generata da IA,Sì,"Sì, confermo",Reale,No,"No, cambio la mia scelta",Generata da IA,No,"Sì, confermo",Generata da IA,No,"Sì, confermo",Generata da IA,No,"Sì, confermo",Generata da IA,No,"Sì, confermo",Reale,No,"Sì, confermo",Generata da IA,No,"Sì, confermo",Reale,No,"Sì, confermo",Generata da IA,No,"Sì, confermo",Reale,No,"Sì, confermo",Generata da IA,No,"Sì, confermo",Generata da IA,No,"Sì, confermo",Generata da IA,Sì,"No, cambio la mia scelta",Generata da IA,No,"Sì, confermo"
23 o più,Male,DMI,Generata da IA,No,"Sì, confermo",Reale,No,"Sì, confermo",Generata da IA,No,"Sì, confermo",Reale,No,"Sì, confermo",Reale,Sì,"Sì, confermo",Generata da IA,Sì,"Sì, confermo",Generata da IA,Sì,"Sì, confermo",Reale,No,"Sì, confermo",Reale,No,"Sì, confermo",Reale,No,"Sì, confermo",Generata da IA,No,"Sì, confermo",Generata da IA,No,"Sì, confermo",Generata da IA,Sì,"Sì, confermo",Generata da IA,No,"Sì, confermo",Generata da IA,No,"Sì, confermo"
22,Male,DMI,Reale,Sì,"Sì, confermo",Generata da IA,Sì,"Sì, confermo",Generata da IA,Sì,"No, cambio la mia scelta",Generata da IA,Sì,"Sì, confermo",Generata da IA,Sì,"Sì, confermo",Generata da IA,Sì,"Sì, confermo",Reale,No,"Sì, confermo",Reale,Sì,"No, cambio la mia scelta",Reale,No,"Sì, confermo",Reale,Sì,"No, cambio la mia scelta",Reale,Sì,"Sì, confermo",Generata da IA,No,"Sì, confermo",Generata da IA,Sì,"Sì, confermo",Generata da IA,No,"No, cambio la mia scelta",Generata da IA,No,"Sì, confermo"
23 o più,Female,Casalinga,Reale,Sì,"Sì, confermo",Generata da IA,No,"Sì, confermo",Generata da IA,No,"Sì, confermo",Reale,Sì,"No, cambio la mia scelta",Reale,Sì,"Sì, confermo",Generata da IA,No,"No, cambio la mia scelta",Reale,No,"No, cambio la mia scelta",Reale,No,"Sì, confermo",Generata da IA,No,"No, cambio la mia scelta",Reale,No,"Sì, confermo",Reale,No,"Sì, confermo",Generata da IA,No,"Sì, confermo",Reale,No,"No, cambio la mia scelta",Reale,Sì,"Sì, confermo",Generata da IA,Sì,"No, cambio la mia scelta"
23 o più,Male,giurisprudenza ,Reale,No,"Sì, confermo",Reale,Sì,"Sì, confermo",Generata da IA,Sì,"Sì, confermo",Reale,No,"Sì, confermo",Reale,No,"Sì, confermo",Reale,No,"Sì, confermo",Reale,No,"Sì, confermo",Reale,No,"Sì, confermo",Generata da IA,Sì,"Sì, confermo",Generata da IA,Sì,"Sì, confermo",Reale,No,"Sì, confermo",Generata da IA,Sì,"Sì, confermo",Reale,Sì,"Sì, confermo",Generata da IA,Sì,"Sì, confermo",Generata da IA,Sì,"Sì, confermo"
21,Female,DMI,Reale,No,"Sì, confermo",Generata da IA,No,"Sì, confermo",Generata da IA,No,"Sì, confermo",Reale,No,"No, cambio la mia scelta",Reale,No,"Sì, confermo",Generata da IA,No,"Sì, confermo",Reale,Sì,"Sì, confermo",Generata da IA,No,"Sì, confermo",Reale,No,"Sì, confermo",Reale,Sì,"No, cambio la mia scelta",Reale,No,"Sì, confermo",Reale,No,"Sì, confermo",Reale,Sì,"Sì, confermo",Generata da IA,No,"Sì, confermo",Reale,Sì,"Sì, confermo"
23 o più,Female,DMI,Generata da IA,Sì,"Sì, confermo",Generata da IA,No,"Sì, confermo",Generata da IA,No,"Sì, confermo",Generata da IA,Sì,"Sì, confermo",Reale,No,"Sì, confermo",Reale,Sì,"Sì, confermo",Reale,Sì,"Sì, confermo",Reale,No,"Sì, confermo",Generata da IA,No,"No, cambio la mia scelta",Generata da IA,No,"Sì, confermo",Reale,No,"Sì, confermo",Reale,Sì,"Sì, confermo",Reale,No,"No, cambio la mia scelta",Reale,No,"Sì, confermo",Generata da IA,No,"Sì, confermo"
23 o più,Male,Scientifico,Generata da IA,No,"Sì, confermo",Reale,Sì,"Sì, confermo",Reale,No,"Sì, confermo",Generata da IA,No,"Sì, confermo",Generata da IA,No,"Sì, confermo",Reale,No,"Sì, confermo",Reale,Sì,"Sì, confermo",Generata da IA,No,"Sì, confermo",Reale,Sì,"Sì, confermo",Generata da IA,No,"Sì, confermo",Reale,No,"Sì, confermo",Generata da IA,No,"Sì, confermo",Reale,No,"Sì, confermo",Reale,No,"Sì, confermo",Reale,No,"Sì, confermo"
23 o più,Female,DMI,Reale,Sì,"Sì, confermo",Generata da IA,No,"Sì, confermo",Generata da IA,Sì,"No, cambio la mia scelta",Generata da IA,Sì,"Sì, confermo",Reale,No,"Sì, confermo",Reale,No,"Sì, confermo",Generata da IA,No,"Sì, confermo",Generata da IA,Sì,"Sì, confermo",Reale,No,"Sì, confermo",Generata da IA,Sì,"Sì, confermo",Generata da IA,No,"No, cambio la mia scelta",Generata da IA,No,"Sì, confermo",Generata da IA,No,"Sì, confermo",Generata da IA,No,"Sì, confermo",Generata da IA,No,"Sì, confermo"
23 o più,Female,work,Generata da IA,Sì,"Sì, confermo",Reale,Sì,"Sì, confermo",Generata da IA,Sì,"Sì, confermo",Generata da IA,Sì,"Sì, confermo",Generata da IA,No,"Sì, confermo",Reale,Sì,"Sì, confermo",Reale,No,"Sì, confermo",Reale,Sì,"Sì, confermo",Generata da IA,Sì,"Sì, confermo",Reale,No,"Sì, confermo",Reale,No,"Sì, confermo",Reale,Sì,"Sì, confermo",Reale,Sì,"Sì, confermo",Generata da IA,No,"Sì, confermo",Generata da IA,No,"Sì, confermo"
23 o più,Male,DMI,Reale,Sì,"No, cambio la mia scelta",Reale,Sì,"Sì, confermo",Reale,Sì,"Sì, confermo",Generata da IA,Sì,"Sì, confermo",Generata da IA,No,"Sì, confermo",Reale,No,"Sì, confermo",Reale,No,"Sì, confermo",Reale,Sì,"Sì, confermo",Generata da IA,Sì,"No, cambio la mia scelta",Reale,Sì,"No, cambio la mia scelta",Reale,Sì,"Sì, confermo",Reale,No,"Sì, confermo",Reale,Sì,"Sì, confermo",Generata da IA,No,"Sì, confermo",Generata da IA,No,"Sì, confermo"
23 o più,Female,DiSFor,Reale,Sì,"Sì, confermo",Reale,Sì,"Sì, confermo",Generata da IA,Sì,"Sì, confermo",Generata da IA,Sì,"Sì, confermo",Reale,Sì,"Sì, confermo",Reale,Sì,"Sì, confermo",Reale,No,"Sì, confermo",Generata da IA,Sì,"Sì, confermo",Reale,Sì,"Sì, confermo",Reale,No,"Sì, confermo",Reale,Sì,"Sì, confermo",Reale,No,"Sì, confermo",Reale,No,"Sì, confermo",Generata da IA,No,"Sì, confermo",Generata da IA,Sì,"Sì, confermo"
23 o più,Female,DiSFor,Reale,No,"Sì, confermo",Reale,No,"Sì, confermo",Reale,No,"Sì, confermo",Reale,No,"Sì, confermo",Reale,No,"Sì, confermo",Reale,No,"Sì, confermo",Reale,No,"Sì, confermo",Reale,No,"Sì, confermo",Reale,No,"Sì, confermo",Reale,No,"Sì, confermo",Reale,No,"Sì, confermo",Generata da IA,No,"Sì, confermo",Reale,No,"Sì, confermo",Generata da IA,No,"Sì, confermo",Reale,No,"Sì, confermo"
23 o più,Female,DiSFor,Generata da IA,Sì,"Sì, confermo",Reale,No,"Sì, confermo",Reale,Sì,"Sì, confermo",Generata da IA,Sì,"Sì, confermo",Reale,No,"Sì, confermo",Reale,Sì,"Sì, confermo",Reale,No,"Sì, confermo",Reale,No,"Sì, confermo",Reale,No,"Sì, confermo",Reale,No,"Sì, confermo",Reale,No,"Sì, confermo",Reale,No,"Sì, confermo",Generata da IA,Sì,"Sì, confermo",Generata da IA,Sì,"Sì, confermo",Reale,Sì,"Sì, confermo"
23 o più,Female,DiSFor,Generata da IA,Sì,"Sì, confermo",Generata da IA,Sì,"Sì, confermo",Generata da IA,Sì,"Sì, confermo",Reale,Sì,"Sì, confermo",Generata da IA,Sì,"Sì, confermo",Reale,Sì,"Sì, confermo",Reale,Sì,"Sì, confermo",Generata da IA,Sì,"Sì, confermo",Reale,Sì,"Sì, confermo",Reale,Sì,"Sì, confermo",Reale,No,"Sì, confermo",Reale,Sì,"Sì, confermo",Reale,No,"Sì, confermo",Generata da IA,Sì,"Sì, confermo",Generata da IA,No,"Sì, confermo"
23 o più,Female,DiSFor,Reale,Sì,"Sì, confermo",Generata da IA,No,"Sì, confermo",Generata da IA,No,"Sì, confermo",Generata da IA,No,"Sì, confermo",Reale,No,"Sì, confermo",Reale,No,"Sì, confermo",Reale,No,"Sì, confermo",Reale,No,"Sì, confermo",Reale,No,"Sì, confermo",Reale,No,"Sì, confermo",Reale,No,"Sì, confermo",Reale,No,"Sì, confermo",Reale,No,"Sì, confermo",Generata da IA,No,"Sì, confermo",Generata da IA,No,"Sì, confermo"
22,Male,DMI,Reale,No,"Sì, confermo",Reale,No,"Sì, confermo",Generata da IA,No,"Sì, confermo",Reale,Sì,"Sì, confermo",Reale,No,"Sì, confermo",Reale,No,"Sì, confermo",Reale,No,"Sì, confermo",Reale,No,"Sì, confermo",Reale,No,"Sì, confermo",Generata da IA,No,"Sì, confermo",Reale,No,"Sì, confermo",Reale,No,"Sì, confermo",Reale,No,"Sì, confermo",Generata da IA,No,"No, cambio la mia scelta",Generata da IA,Sì,"Sì, confermo"
21,Male,DIEEI,Generata da IA,No,"Sì, confermo",Generata da IA,No,"Sì, confermo",Generata da IA,No,"Sì, confermo",Generata da IA,Sì,"Sì, confermo",Generata da IA,Sì,"Sì, confermo",Generata da IA,Sì,"Sì, confermo",Reale,Sì,"Sì, confermo",Reale,No,"Sì, confermo",Reale,No,"Sì, confermo",Reale,No,"Sì, confermo",Reale,Sì,"Sì, confermo",Reale,No,"Sì, confermo",Reale,No,"Sì, confermo",Generata da IA,No,"Sì, confermo",Generata da IA,No,"Sì, confermo"
20,Female,Dieei,Generata da IA,No,"Sì, confermo",Generata da IA,No,"Sì, confermo",Generata da IA,No,"No, cambio la mia scelta",Reale,No,"Sì, confermo",Generata da IA,No,"Sì, confermo",Reale,Sì,"Sì, confermo",Reale,No,"No, cambio la mia scelta",Generata da IA,No,"No, cambio la mia scelta",Reale,No,"Sì, confermo",Generata da IA,Sì,"Sì, confermo",Generata da IA,No,"Sì, confermo",Reale,No,"Sì, confermo",Generata da IA,No,"Sì, confermo",Generata da IA,No,"Sì, confermo",Generata da IA,No,"No, cambio la mia scelta"
20,Female,Dieei,Generata da IA,Sì,"Sì, confermo",Generata da IA,Sì,"Sì, confermo",Generata da IA,Sì,"Sì, confermo",Reale,Sì,"Sì, confermo",Reale,Sì,"Sì, confermo",Generata da IA,Sì,"Sì, confermo",Reale,Sì,"Sì, confermo",Reale,Sì,"Sì, confermo",Reale,Sì,"Sì, confermo",Reale,Sì,"Sì, confermo",Generata da IA,Sì,"Sì, confermo",Reale,Sì,"Sì, confermo",Reale,Sì,"Sì, confermo",Generata da IA,Sì,"Sì, confermo",Generata da IA,Sì,"Sì, confermo"
22,Male,DMI,Reale,No,"Sì, confermo",Generata da IA,No,"Sì, confermo",Generata da IA,No,"Sì, confermo",Generata da IA,Sì,"Sì, confermo",Generata da IA,Sì,"Sì, confermo",Reale,No,"Sì, confermo",Reale,No,"Sì, confermo",Reale,Sì,"Sì, confermo",Reale,No,"Sì, confermo",Generata da IA,Sì,"Sì, confermo",Reale,Sì,"Sì, confermo",Reale,No,"Sì, confermo",Reale,No,"Sì, confermo",Generata da IA,No,"Sì, confermo",Generata da IA,No,"Sì, confermo"
20,Male,DMI,Reale,Sì,"Sì, confermo",Generata da IA,Sì,"Sì, confermo",Reale,Sì,"Sì, confermo",Generata da IA,Sì,"Sì, confermo",Reale,No,"Sì, confermo",Reale,Sì,"Sì, confermo",Reale,Sì,"Sì, confermo",Reale,Sì,"Sì, confermo",Generata da IA,Sì,"No, cambio la mia scelta",Reale,No,"Sì, confermo",Generata da IA,Sì,"Sì, confermo",Reale,Sì,"Sì, confermo",Reale,No,"Sì, confermo",Generata da IA,Sì,"Sì, confermo",Generata da IA,Sì,"Sì, confermo"
21,Male,DIEEI,Generata da IA,Sì,"Sì, confermo",Generata da IA,Sì,"Sì, confermo",Generata da IA,Sì,"No, cambio la mia scelta",Reale,Sì,"No, cambio la mia scelta",Reale,No,"Sì, confermo",Reale,Sì,"Sì, confermo",Generata da IA,Sì,"Sì, confermo",Reale,No,"Sì, confermo",Reale,No,"Sì, confermo",Reale,No,"No, cambio la mia scelta",Reale,Sì,"Sì, confermo",Reale,No,"Sì, confermo",Generata da IA,Sì,"Sì, confermo",Generata da IA,Sì,"Sì, confermo",Generata da IA,Sì,"No, cambio la mia scelta"
23 o più,Female,DMI,Reale,Sì,"Sì, confermo",Generata da IA,Sì,"Sì, confermo",Generata da IA,Sì,"Sì, confermo",Reale,Sì,"Sì, confermo",Generata da IA,Sì,"Sì, confermo",Reale,Sì,"Sì, confermo",Reale,Sì,"Sì, confermo",Generata da IA,Sì,"Sì, confermo",Reale,Sì,"Sì, confermo",Reale,No,"Sì, confermo",Reale,No,"Sì, confermo",Generata da IA,No,"Sì, confermo",Generata da IA,Sì,"Sì, confermo",Generata da IA,Sì,"Sì, confermo",Generata da IA,Sì,"Sì, confermo"
22,Male,DMI,Generata da IA,Sì,"Sì, confermo",Reale,Sì,"No, cambio la mia scelta",Generata da IA,Sì,"Sì, confermo",Generata da IA,Sì,"Sì, confermo",Reale,Sì,"Sì, confermo",Reale,No,"Sì, confermo",Generata da IA,Sì,"Sì, confermo",Reale,Sì,"Sì, confermo",Generata da IA,Sì,"Sì, confermo",Generata da IA,Sì,"Sì, confermo",Reale,Sì,"Sì, confermo",Reale,Sì,"Sì, confermo",Reale,Sì,"Sì, confermo",Generata da IA,Sì,"Sì, confermo",Generata da IA,Sì,"Sì, confermo"
23 o più,Male,DMI,Generata da IA,No,"Sì, confermo",Generata da IA,No,"Sì, confermo",Generata da IA,No,"Sì, confermo",Generata da IA,No,"Sì, confermo",Generata da IA,Sì,"Sì, confermo",Reale,No,"Sì, confermo",Reale,Sì,"Sì, confermo",Generata da IA,No,"Sì, confermo",Reale,No,"Sì, confermo",Reale,No,"Sì, confermo",Reale,No,"Sì, confermo",Generata da IA,Sì,"Sì, confermo",Generata da IA,Sì,"Sì, confermo",Reale,No,"Sì, confermo",Generata da IA,No,"Sì, confermo"
20,Male,DMI,Reale,No,"Sì, confermo",Generata da IA,Sì,"Sì, confermo",Reale,Sì,"Sì, confermo",Generata da IA,No,"Sì, confermo",Reale,No,"No, cambio la mia scelta",Reale,No,"Sì, confermo",Reale,No,"Sì, confermo",Reale,No,"Sì, confermo",Reale,No,"Sì, confermo",Generata da IA,Sì,"Sì, confermo",Reale,No,"Sì, confermo",Reale,No,"Sì, confermo",Reale,No,"No, cambio la mia scelta",Generata da IA,No,"Sì, confermo",Generata da IA,Sì,"Sì, confermo"
23 o più,Female,DMI,Reale,Sì,"Sì, confermo",Generata da IA,Sì,"Sì, confermo",Generata da IA,No,"Sì, confermo",Reale,No,"Sì, confermo",Generata da IA,Sì,"Sì, confermo",Generata da IA,No,"Sì, confermo",Reale,No,"Sì, confermo",Reale,No,"Sì, confermo",Generata da IA,No,"Sì, confermo",Reale,No,"Sì, confermo",Generata da IA,Sì,"Sì, confermo",Generata da IA,No,"Sì, confermo",Generata da IA,No,"Sì, confermo",Generata da IA,No,"Sì, confermo",Generata da IA,No,"Sì, confermo"
23 o più,Male,DMI,Reale,Sì,"Sì, confermo",Generata da IA,Sì,"Sì, confermo",Generata da IA,Sì,"Sì, confermo",Generata da IA,Sì,"Sì, confermo",Reale,Sì,"Sì, confermo",Generata da IA,Sì,"Sì, confermo",Reale,Sì,"Sì, confermo",Reale,Sì,"Sì, confermo",Generata da IA,Sì,"Sì, confermo",Reale,Sì,"Sì, confermo",Reale,Sì,"Sì, confermo",Reale,Sì,"Sì, confermo",Generata da IA,Sì,"Sì, confermo",Generata da IA,Sì,"Sì, confermo",Generata da IA,Sì,"Sì, confermo"
21,Male,DMI,Generata da IA,Sì,"Sì, confermo",Generata da IA,Sì,"Sì, confermo",Reale,Sì,"Sì, confermo",Reale,Sì,"No, cambio la mia scelta",Generata da IA,Sì,"No, cambio la mia scelta",Reale,No,"Sì, confermo",Reale,No,"No, cambio la mia scelta",Reale,No,"Sì, confermo",Reale,Sì,"Sì, confermo",Reale,Sì,"No, cambio la mia scelta",Reale,No,"Sì, confermo",Reale,No,"Sì, confermo",Reale,No,"Sì, confermo",Generata da IA,Sì,"No, cambio la mia scelta",Reale,Sì,"Sì, confermo"
23 o più,Male,DMI,Reale,Sì,"Sì, confermo",Generata da IA,Sì,"Sì, confermo",Generata da IA,Sì,"No, cambio la mia scelta",Reale,Sì,"No, cambio la mia scelta",Generata da IA,Sì,"Sì, confermo",Generata da IA,Sì,"Sì, confermo",Generata da IA,Sì,"Sì, confermo",Reale,Sì,"Sì, confermo",Reale,Sì,"Sì, confermo",Generata da IA,Sì,"Sì, confermo",Reale,Sì,"Sì, confermo",Generata da IA,Sì,"Sì, confermo",Generata da IA,Sì,"Sì, confermo",Generata da IA,Sì,"Sì, confermo",Generata da IA,Sì,"Sì, confermo"
23 o più,Male,DMI,Reale,Sì,"Sì, confermo",Reale,Sì,"Sì, confermo",Reale,Sì,"Sì, confermo",Reale,No,"Sì, confermo",Generata da IA,Sì,"No, cambio la mia scelta",Generata da IA,Sì,"Sì, confermo",Reale,Sì,"No, cambio la mia scelta",Reale,Sì,"Sì, confermo",Reale,No,"Sì, confermo",Reale,No,"No, cambio la mia scelta",Reale,Sì,"Sì, confermo",Generata da IA,Sì,"Sì, confermo",Reale,Sì,"Sì, confermo",Generata da IA,No,"Sì, confermo",Generata da IA,No,"Sì, confermo"
21,Male,DMI,Generata da IA,No,"Sì, confermo",Reale,No,"Sì, confermo",Generata da IA,No,"Sì, confermo",Reale,No,"Sì, confermo",Reale,No,"Sì, confermo",Reale,No,"Sì, confermo",Generata da IA,No,"Sì, confermo",Generata da IA,No,"Sì, confermo",Reale,No,"Sì, confermo",Generata da IA,No,"Sì, confermo",Generata da IA,No,"Sì, confermo",Reale,No,"Sì, confermo",Generata da IA,No,"Sì, confermo",Generata da IA,No,"No, cambio la mia scelta",Generata da IA,No,"Sì, confermo"
21,Male,DMI,Generata da IA,Sì,"Sì, confermo",Generata da IA,Sì,"Sì, confermo",Generata da IA,Sì,"No, cambio la mia scelta",Generata da IA,Sì,"Sì, confermo",Generata da IA,Sì,"No, cambio la mia scelta",Reale,No,"Sì, confermo",Reale,No,"No, cambio la mia scelta",Reale,Sì,"Sì, confermo",Reale,Sì,"Sì, confermo",Generata da IA,Sì,"Sì, confermo",Generata da IA,Sì,"Sì, confermo",Generata da IA,Sì,"Sì, confermo",Generata da IA,Sì,"Sì, confermo",Generata da IA,Sì,"Sì, confermo",Generata da IA,Sì,"No, cambio la mia scelta"
21,Male,DMI,Generata da IA,Sì,"Sì, confermo",Generata da IA,Sì,"Sì, confermo",Generata da IA,No,"Sì, confermo",Generata da IA,No,"Sì, confermo",Generata da IA,No,"Sì, confermo",Reale,Sì,"Sì, confermo",Reale,Sì,"Sì, confermo",Reale,Sì,"Sì, confermo",Reale,Sì,"Sì, confermo",Generata da IA,Sì,"Sì, confermo",Reale,No,"Sì, confermo",Generata da IA,No,"Sì, confermo",Reale,Sì,"No, cambio la mia scelta",Generata da IA,No,"Sì, confermo",Generata da IA,No,"Sì, confermo"
23 o più,Male,DMI,Generata da IA,No,"Sì, confermo",Generata da IA,No,"Sì, confermo",Generata da IA,No,"No, cambio la mia scelta",Generata da IA,Sì,"Sì, confermo",Generata da IA,Sì,"No, cambio la mia scelta",Reale,Sì,"Sì, confermo",Generata da IA,No,"Sì, confermo",Generata da IA,No,"Sì, confermo",Generata da IA,No,"No, cambio la mia scelta",Reale,No,"Sì, confermo",Reale,No,"Sì, confermo",Reale,No,"Sì, confermo",Reale,No,"Sì, confermo",Generata da IA,No,"Sì, confermo",Generata da IA,No,"No, cambio la mia scelta"
23 o più,Male,DMI,Reale,Sì,"No, cambio la mia scelta",Generata da IA,Sì,"Sì, confermo",Reale,No,"Sì, confermo",Generata da IA,Sì,"Sì, confermo",Generata da IA,Sì,"Sì, confermo",Generata da IA,Sì,"Sì, confermo",Generata da IA,Sì,"Sì, confermo",Generata da IA,Sì,"Sì, confermo",Generata da IA,Sì,"Sì, confermo",Generata da IA,Sì,"Sì, confermo",Reale,No,"Sì, confermo",Reale,No,"Sì, confermo",Generata da IA,Sì,"Sì, confermo",Generata da IA,Sì,"Sì, confermo",Generata da IA,Sì,"Sì, confermo"
20,Male,DMI,Generata da IA,No,"Sì, confermo",Generata da IA,No,"Sì, confermo",Generata da IA,No,"Sì, confermo",Generata da IA,No,"Sì, confermo",Generata da IA,No,"Sì, confermo",Generata da IA,No,"Sì, confermo",Reale,No,"Sì, confermo",Reale,No,"Sì, confermo",Reale,No,"Sì, confermo",Reale,No,"Sì, confermo",Generata da IA,No,"Sì, confermo",Generata da IA,No,"Sì, confermo",Generata da IA,No,"Sì, confermo",Generata da IA,No,"Sì, confermo",Generata da IA,No,"Sì, confermo"
20,Male,DMI,Generata da IA,Sì,"Sì, confermo",Generata da IA,Sì,"Sì, confermo",Generata da IA,No,"Sì, confermo",Generata da IA,No,"Sì, confermo",Generata da IA,No,"Sì, confermo",Reale,No,"Sì, confermo",Reale,No,"Sì, confermo",Reale,No,"Sì, confermo",Reale,No,"Sì, confermo",Reale,No,"Sì, confermo",Reale,No,"Sì, confermo",Reale,No,"Sì, confermo",Generata da IA,No,"Sì, confermo",Generata da IA,No,"Sì, confermo",Generata da IA,No,"Sì, confermo"
20,Male,DMI,Reale,No,"Sì, confermo",Reale,No,"Sì, confermo",Generata da IA,Sì,"Sì, confermo",Generata da IA,Sì,"Sì, confermo",Generata da IA,Sì,"Sì, confermo",Generata da IA,Sì,"Sì, confermo",Reale,Sì,"Sì, confermo",Reale,Sì,"Sì, confermo",Generata da IA,Sì,"Sì, confermo",Reale,Sì,"Sì, confermo",Reale,Sì,"Sì, confermo",Generata da IA,Sì,"Sì, confermo",Generata da IA,Sì,"Sì, confermo",Generata da IA,Sì,"Sì, confermo",Generata da IA,Sì,"Sì, confermo"
20,Male,DMI,Generata da IA,No,"Sì, confermo",Reale,Sì,"Sì, confermo",Generata da IA,Sì,"Sì, confermo",Generata da IA,Sì,"Sì, confermo",Generata da IA,Sì,"Sì, confermo",Reale,No,"Sì, confermo",Generata da IA,Sì,"Sì, confermo",Reale,Sì,"Sì, confermo",Generata da IA,Sì,"Sì, confermo",Reale,Sì,"Sì, confermo",Reale,Sì,"Sì, confermo",Generata da IA,No,"Sì, confermo",Generata da IA,No,"Sì, confermo",Generata da IA,No,"Sì, confermo",Generata da IA,No,"Sì, confermo"
20,Male,DMI,Generata da IA,Sì,"Sì, confermo",Reale,No,"No, cambio la mia scelta",Generata da IA,Sì,"Sì, confermo",Reale,No,"Sì, confermo",Reale,No,"Sì, confermo",Reale,Sì,"Sì, confermo",Generata da IA,Sì,"Sì, confermo",Reale,No,"Sì, confermo",Reale,No,"Sì, confermo",Reale,No,"Sì, confermo",Reale,No,"Sì, confermo",Generata da IA,Sì,"Sì, confermo",Generata da IA,Sì,"Sì, confermo",Generata da IA,Sì,"Sì, confermo",Generata da IA,Sì,"Sì, confermo"
23 o più,Male,DMI,Generata da IA,No,"Sì, confermo",Generata da IA,Sì,"Sì, confermo",Reale,No,"Sì, confermo",Reale,No,"Sì, confermo",Reale,No,"Sì, confermo",Reale,No,"Sì, confermo",Reale,No,"No, cambio la mia scelta",Reale,No,"Sì, confermo",Reale,No,"Sì, confermo",Reale,No,"Sì, confermo",Generata da IA,Sì,"No, cambio la mia scelta",Reale,No,"Sì, confermo",Generata da IA,No,"Sì, confermo",Generata da IA,Sì,"Sì, confermo",Generata da IA,No,"No, cambio la mia scelta"
20,Male,DIEEI (ingegneria elettronica),Generata da IA,No,"Sì, confermo",Generata da IA,No,"Sì, confermo",Generata da IA,No,"Sì, confermo",Reale,Sì,"No, cambio la mia scelta",Reale,Sì,"Sì, confermo",Generata da IA,Sì,"Sì, confermo",Reale,Sì,"Sì, confermo",Reale,No,"Sì, confermo",Reale,No,"Sì, confermo",Generata da IA,Sì,"Sì, confermo",Reale,Sì,"Sì, confermo",Generata da IA,No,"Sì, confermo",Reale,Sì,"No, cambio la mia scelta",Generata da IA,No,"Sì, confermo",Generata da IA,No,"Sì, confermo"
20,Male,Dieei,Reale,No,"Sì, confermo",Generata da IA,No,"Sì, confermo",Reale,No,"Sì, confermo",Reale,Sì,"No, cambio la mia scelta",Generata da IA,No,"No, cambio la mia scelta",Reale,Sì,"Sì, confermo",Reale,No,"No, cambio la mia scelta",Reale,No,"No, cambio la mia scelta",Reale,No,"Sì, confermo",Reale,No,"No, cambio la mia scelta",Generata da IA,No,"No, cambio la mia scelta",Generata da IA,No,"Sì, confermo",Generata da IA,No,"Sì, confermo",Generata da IA,No,"Sì, confermo",Generata da IA,No,"No, cambio la mia scelta"
22,Female,DMI,Generata da IA,No,"Sì, confermo",Generata da IA,Sì,"Sì, confermo",Generata da IA,No,"No, cambio la mia scelta",Generata da IA,No,"Sì, confermo",Reale,No,"Sì, confermo",Reale,Sì,"No, cambio la mia scelta",Reale,No,"No, cambio la mia scelta",Reale,No,"Sì, confermo",Reale,No,"Sì, confermo",Generata da IA,No,"Sì, confermo",Reale,No,"Sì, confermo",Reale,No,"Sì, confermo",Generata da IA,Sì,"Sì, confermo",Generata da IA,No,"Sì, confermo",Generata da IA,No,"No, cambio la mia scelta"
23 o più,Male,DMI,Generata da IA,Sì,"Sì, confermo",Reale,No,"Sì, confermo",Generata da IA,No,"Sì, confermo",Generata da IA,No,"Sì, confermo",Generata da IA,Sì,"Sì, confermo",Reale,No,"Sì, confermo",Reale,No,"Sì, confermo",Reale,No,"Sì, confermo",Reale,No,"Sì, confermo",Reale,No,"Sì, confermo",Reale,No,"Sì, confermo",Generata da IA,No,"Sì, confermo",Generata da IA,No,"Sì, confermo",Generata da IA,No,"Sì, confermo",Generata da IA,No,"Sì, confermo"
23 o più,Male,DMI,Generata da IA,No,"Sì, confermo",Reale,Sì,"Sì, confermo",Generata da IA,No,"Sì, confermo",Generata da IA,Sì,"Sì, confermo",Generata da IA,No,"Sì, confermo",Generata da IA,Sì,"Sì, confermo",Reale,No,"Sì, confermo",Reale,No,"Sì, confermo",Reale,No,"Sì, confermo",Reale,No,"Sì, confermo",Reale,No,"Sì, confermo",Generata da IA,No,"Sì, confermo",Reale,Sì,"Sì, confermo",Generata da IA,No,"Sì, confermo",Generata da IA,No,"Sì, confermo"
23 o più,Male,DMI,Generata da IA,No,"Sì, confermo",Generata da IA,No,"Sì, confermo",Generata da IA,No,"Sì, confermo",Reale,No,"Sì, confermo",Generata da IA,No,"Sì, confermo",Reale,No,"Sì, confermo",Reale,No,"Sì, confermo",Reale,No,"Sì, confermo",Reale,No,"Sì, confermo",Generata da IA,No,"Sì, confermo",Generata da IA,No,"Sì, confermo",Reale,No,"Sì, confermo",Generata da IA,No,"Sì, confermo",Generata da IA,No,"Sì, confermo",Generata da IA,No,"Sì, confermo"
23 o più,Male,Digital forensics,Generata da IA,Sì,"Sì, confermo",Generata da IA,Sì,"Sì, confermo",Generata da IA,Sì,"No, cambio la mia scelta",Reale,No,"Sì, confermo",Reale,No,"Sì, confermo",Generata da IA,Sì,"Sì, confermo",Reale,No,"No, cambio la mia scelta",Reale,No,"Sì, confermo",Generata da IA,Sì,"No, cambio la mia scelta",Generata da IA,Sì,"Sì, confermo",Generata da IA,Sì,"Sì, confermo",Reale,No,"Sì, confermo",Generata da IA,Sì,"Sì, confermo",Generata da IA,Sì,"No, cambio la mia scelta",Generata da IA,Sì,"No, cambio la mia scelta"
21,Male,DMI,Reale,No,"Sì, confermo",Generata da IA,No,"Sì, confermo",Generata da IA,No,"Sì, confermo",Generata da IA,Sì,"Sì, confermo",Reale,Sì,"Sì, confermo",Reale,Sì,"Sì, confermo",Reale,No,"No, cambio la mia scelta",Reale,Sì,"Sì, confermo",Reale,No,"Sì, confermo",Reale,No,"No, cambio la mia scelta",Reale,No,"Sì, confermo",Generata da IA,Sì,"No, cambio la mia scelta",Generata da IA,Sì,"Sì, confermo",Generata da IA,No,"Sì, confermo",Generata da IA,No,"Sì, confermo"
21,Male,DIEEI,Generata da IA,Sì,"Sì, confermo",Reale,No,"Sì, confermo",Generata da IA,No,"No, cambio la mia scelta",Reale,Sì,"Sì, confermo",Reale,Sì,"Sì, confermo",Reale,No,"Sì, confermo",Generata da IA,Sì,"Sì, confermo",Reale,No,"Sì, confermo",Reale,Sì,"Sì, confermo",Generata da IA,No,"Sì, confermo",Reale,No,"Sì, confermo",Reale,Sì,"Sì, confermo",Reale,No,"Sì, confermo",Generata da IA,No,"Sì, confermo",Generata da IA,No,"Sì, confermo"
21,Male,DMI,Reale,Sì,"Sì, confermo",Generata da IA,Sì,"Sì, confermo",Generata da IA,No,"No, cambio la mia scelta",Reale,No,"Sì, confermo",Reale,No,"Sì, confermo",Reale,No,"Sì, confermo",Reale,No,"Sì, confermo",Reale,No,"Sì, confermo",Reale,No,"Sì, confermo",Generata da IA,Sì,"Sì, confermo",Generata da IA,Sì,"Sì, confermo",Generata da IA,Sì,"Sì, confermo",Generata da IA,No,"Sì, confermo",Generata da IA,No,"Sì, confermo",Generata da IA,No,"Sì, confermo"
20,Male,DMI,Generata da IA,No,"Sì, confermo",Generata da IA,Sì,"Sì, confermo",Generata da IA,Sì,"Sì, confermo",Reale,Sì,"Sì, confermo",Generata da IA,Sì,"Sì, confermo",Reale,Sì,"Sì, confermo",Reale,Sì,"Sì, confermo",Reale,Sì,"Sì, confermo",Reale,Sì,"Sì, confermo",Reale,Sì,"Sì, confermo",Reale,Sì,"Sì, confermo",Reale,Sì,"Sì, confermo",Generata da IA,Sì,"Sì, confermo",Generata da IA,Sì,"Sì, confermo",Reale,No,"Sì, confermo"
23 o più,Male,DMI,Reale,No,"Sì, confermo",Reale,No,"Sì, confermo",Reale,No,"Sì, confermo",Generata da IA,Sì,"Sì, confermo",Generata da IA,No,"Sì, confermo",Reale,Sì,"Sì, confermo",Reale,No,"No, cambio la mia scelta",Reale,No,"Sì, confermo",Reale,No,"Sì, confermo",Reale,No,"No, cambio la mia scelta",Reale,Sì,"Sì, confermo",Generata da IA,Sì,"Sì, confermo",Reale,Sì,"No, cambio la mia scelta",Reale,Sì,"Sì, confermo",Generata da IA,No,"Sì, confermo"
21,Male,DMI,Reale,Sì,"Sì, confermo",Generata da IA,No,"No, cambio la mia scelta",Reale,No,"No, cambio la mia scelta",Reale,No,"Sì, confermo",Generata da IA,No,"Sì, confermo",Reale,No,"Sì, confermo",Reale,No,"Sì, confermo",Reale,No,"Sì, confermo",Reale,Sì,"No, cambio la mia scelta",Reale,No,"Sì, confermo",Reale,No,"Sì, confermo",Generata da IA,No,"Sì, confermo",Reale,No,"Sì, confermo",Generata da IA,No,"Sì, confermo",Generata da IA,Sì,"No, cambio la mia scelta"
20,Male,dieei,Reale,No,"Sì, confermo",Reale,No,"Sì, confermo",Reale,No,"Sì, confermo",Generata da IA,No,"Sì, confermo",Generata da IA,No,"Sì, confermo",Generata da IA,No,"No, cambio la mia scelta",Generata da IA,No,"Sì, confermo",Reale,No,"Sì, confermo",Reale,No,"Sì, confermo",Reale,No,"Sì, confermo",Reale,No,"Sì, confermo",Generata da IA,No,"Sì, confermo",Generata da IA,No,"No, cambio la mia scelta",Generata da IA,No,"Sì, confermo",Generata da IA,No,"Sì, confermo"
23 o più,Male,DMI,Reale,Sì,"Sì, confermo",Generata da IA,Sì,"Sì, confermo",Generata da IA,Sì,"Sì, confermo",Reale,Sì,"Sì, confermo",Generata da IA,Sì,"Sì, confermo",Generata da IA,Sì,"Sì, confermo",Reale,Sì,"Sì, confermo",Reale,Sì,"Sì, confermo",Generata da IA,Sì,"Sì, confermo",Reale,Sì,"Sì, confermo",Reale,Sì,"Sì, confermo",Generata da IA,Sì,"Sì, confermo",Generata da IA,Sì,"Sì, confermo",Generata da IA,Sì,"Sì, confermo",Generata da IA,Sì,"Sì, confermo"
21,Male,DMI,Generata da IA,Sì,"Sì, confermo",Generata da IA,No,"Sì, confermo",Generata da IA,No,"Sì, confermo",Reale,Sì,"No, cambio la mia scelta",Generata da IA,No,"Sì, confermo",Reale,No,"Sì, confermo",Generata da IA,Sì,"Sì, confermo",Reale,Sì,"Sì, confermo",Generata da IA,No,"Sì, confermo",Generata da IA,No,"Sì, confermo",Reale,No,"Sì, confermo",Generata da IA,No,"Sì, confermo",Generata da IA,No,"Sì, confermo",Generata da IA,No,"Sì, confermo",Generata da IA,No,"Sì, confermo"
22,Male,DMI,Generata da IA,No,"Sì, confermo",Generata da IA,No,"Sì, confermo",Generata da IA,No,"Sì, confermo",Reale,Sì,"Sì, confermo",Generata da IA,No,"Sì, confermo",Reale,Sì,"Sì, confermo",Reale,No,"Sì, confermo",Generata da IA,Sì,"Sì, confermo",Generata da IA,No,"Sì, confermo",Reale,No,"Sì, confermo",Reale,Sì,"Sì, confermo",Generata da IA,Sì,"Sì, confermo",Reale,Sì,"Sì, confermo",Generata da IA,No,"Sì, confermo",Generata da IA,No,"Sì, confermo"
20,Male,Dieei,Reale,No,"Sì, confermo",Reale,No,"Sì, confermo",Generata da IA,No,"Sì, confermo",Reale,No,"Sì, confermo",Reale,No,"Sì, confermo",Reale,No,"Sì, confermo",Reale,No,"Sì, confermo",Reale,No,"No, cambio la mia scelta",Reale,No,"Sì, confermo",Generata da IA,No,"Sì, confermo",Reale,No,"Sì, confermo",Generata da IA,Sì,"Sì, confermo",Generata da IA,No,"Sì, confermo",Reale,No,"Sì, confermo",Reale,No,"Sì, confermo"
23 o più,Male,DMI,Reale,Sì,"Sì, confermo",Generata da IA,Sì,"Sì, confermo",Generata da IA,Sì,"Sì, confermo",Generata da IA,Sì,"Sì, confermo",Generata da IA,Sì,"Sì, confermo",Generata da IA,Sì,"Sì, confermo",Generata da IA,Sì,"Sì, confermo",Reale,Sì,"Sì, confermo",Generata da IA,No,"Sì, confermo",Reale,Sì,"Sì, confermo",Reale,Sì,"Sì, confermo",Generata da IA,No,"Sì, confermo",Generata da IA,Sì,"Sì, confermo",Generata da IA,No,"Sì, confermo",Generata da IA,Sì,"Sì, confermo"
21,Female,DMI,Generata da IA,Sì,"Sì, confermo",Reale,Sì,"Sì, confermo",Reale,Sì,"Sì, confermo",Reale,Sì,"Sì, confermo",Reale,No,"Sì, confermo",Generata da IA,No,"Sì, confermo",Reale,Sì,"Sì, confermo",Generata da IA,Sì,"Sì, confermo",Reale,No,"Sì, confermo",Reale,No,"Sì, confermo",Reale,Sì,"Sì, confermo",Generata da IA,Sì,"Sì, confermo",Generata da IA,Sì,"Sì, confermo",Generata da IA,Sì,"Sì, confermo",Reale,No,"Sì, confermo"
23 o più,Female,Professioni Sanitarie,Generata da IA,Sì,"Sì, confermo",Reale,No,"Sì, confermo",Reale,No,"Sì, confermo",Reale,No,"Sì, confermo",Generata da IA,Sì,"Sì, confermo",Reale,No,"Sì, confermo",Reale,No,"Sì, confermo",Reale,No,"Sì, confermo",Reale,No,"Sì, confermo",Reale,No,"Sì, confermo",Reale,No,"Sì, confermo",Reale,No,"Sì, confermo",Generata da IA,Sì,"Sì, confermo",Generata da IA,Sì,"Sì, confermo",Reale,No,"Sì, confermo"
22,Female,Professioni Sanitarie,Reale,No,"Sì, confermo",Generata da IA,Sì,"Sì, confermo",Reale,No,"Sì, confermo",Reale,No,"Sì, confermo",Reale,No,"Sì, confermo",Reale,No,"Sì, confermo",Reale,No,"Sì, confermo",Reale,Sì,"Sì, confermo",Reale,No,"Sì, confermo",Reale,No,"Sì, confermo",Generata da IA,Sì,"Sì, confermo",Generata da IA,Sì,"Sì, confermo",Reale,No,"Sì, confermo",Generata da IA,No,"Sì, confermo",Generata da IA,Sì,"Sì, confermo"
23 o più,Female,Professioni Sanitarie,Reale,No,"No, cambio la mia scelta",Reale,Sì,"Sì, confermo",Reale,Sì,"Sì, confermo",Reale,Sì,"Sì, confermo",Reale,Sì,"Sì, confermo",Reale,Sì,"Sì, confermo",Reale,Sì,"Sì, confermo",Reale,Sì,"Sì, confermo",Reale,Sì,"Sì, confermo",Reale,Sì,"Sì, confermo",Reale,Sì,"Sì, confermo",Reale,Sì,"Sì, confermo",Reale,Sì,"Sì, confermo",Reale,Sì,"Sì, confermo",Reale,Sì,"Sì, confermo"
23 o più,Female,Professioni Sanitarie,Generata da IA,No,"Sì, confermo",Generata da IA,No,"Sì, confermo",Reale,Sì,"Sì, confermo",Reale,Sì,"Sì, confermo",Generata da IA,Sì,"Sì, confermo",Reale,No,"Sì, confermo",Generata da IA,No,"Sì, confermo",Generata da IA,Sì,"Sì, confermo",Generata da IA,Sì,"Sì, confermo",Reale,No,"Sì, confermo",Reale,Sì,"Sì, confermo",Generata da IA,Sì,"Sì, confermo",Reale,No,"Sì, confermo",Generata da IA,No,"Sì, confermo",Generata da IA,Sì,"Sì, confermo"
23 o più,Female,Professioni Sanitarie,Generata da IA,Sì,"Sì, confermo",Reale,Sì,"Sì, confermo",Generata da IA,Sì,"Sì, confermo",Reale,No,"Sì, confermo",Reale,No,"Sì, confermo",Reale,No,"Sì, confermo",Reale,No,"Sì, confermo",Reale,No,"Sì, confermo",Reale,No,"Sì, confermo",Reale,No,"Sì, confermo",Generata da IA,Sì,"Sì, confermo",Reale,No,"Sì, confermo",Reale,No,"Sì, confermo",Generata da IA,Sì,"Sì, confermo",Generata da IA,Sì,"Sì, confermo"
22,Female,Professioni Sanitarie,Reale,Sì,"Sì, confermo",Generata da IA,Sì,"Sì, confermo",Generata da IA,Sì,"No, cambio la mia scelta",Reale,Sì,"Sì, confermo",Reale,No,"Sì, confermo",Reale,No,"Sì, confermo",Reale,No,"Sì, confermo",Reale,No,"Sì, confermo",Reale,No,"Sì, confermo",Reale,No,"Sì, confermo",Reale,No,"Sì, confermo",Reale,No,"Sì, confermo",Reale,No,"Sì, confermo",Reale,Sì,"Sì, confermo",Reale,No,"Sì, confermo"
23 o più,Female,Professioni Sanitarie,Reale,Sì,"Sì, confermo",Generata da IA,No,"Sì, confermo",Generata da IA,No,"Sì, confermo",Reale,Sì,"Sì, confermo",Reale,Sì,"Sì, confermo",Reale,No,"Sì, confermo",Generata da IA,Sì,"Sì, confermo",Reale,No,"Sì, confermo",Generata da IA,No,"Sì, confermo",Reale,Sì,"Sì, confermo",Reale,No,"Sì, confermo",Reale,Sì,"Sì, confermo",Reale,No,"Sì, confermo",Generata da IA,No,"Sì, confermo",Reale,No,"Sì, confermo"
23 o più,Female,Professioni Sanitarie,Generata da IA,Sì,"Sì, confermo",Generata da IA,Sì,"Sì, confermo",Generata da IA,Sì,"No, cambio la mia scelta",Reale,No,"Sì, confermo",Reale,No,"Sì, confermo",Reale,No,"Sì, confermo",Reale,No,"Sì, confermo",Reale,No,"Sì, confermo",Reale,No,"Sì, confermo",Reale,No,"Sì, confermo",Reale,No,"Sì, confermo",Reale,No,"Sì, confermo",Reale,No,"No, cambio la mia scelta",Generata da IA,Sì,"Sì, confermo",Reale,No,"Sì, confermo"
23 o più,Male,Professioni Sanitarie,Reale,No,"Sì, confermo",Reale,Sì,"Sì, confermo",Reale,No,"Sì, confermo",Reale,Sì,"Sì, confermo",Generata da IA,Sì,"Sì, confermo",Reale,Sì,"Sì, confermo",Generata da IA,Sì,"Sì, confermo",Generata da IA,Sì,"Sì, confermo",Generata da IA,Sì,"Sì, confermo",Reale,Sì,"Sì, confermo",Reale,Sì,"Sì, confermo",Reale,No,"Sì, confermo",Generata da IA,No,"Sì, confermo",Generata da IA,No,"Sì, confermo",Reale,Sì,"Sì, confermo"
23 o più,Female,Professioni Sanitarie,Generata da IA,Sì,"Sì, confermo",Generata da IA,Sì,"Sì, confermo",Generata da IA,Sì,"Sì, confermo",Reale,No,"Sì, confermo",Reale,No,"Sì, confermo",Reale,No,"Sì, confermo",Reale,No,"Sì, confermo",Reale,No,"Sì, confermo",Reale,No,"Sì, confermo",Reale,No,"Sì, confermo",Reale,No,"Sì, confermo",Reale,No,"Sì, confermo",Reale,No,"Sì, confermo",Generata da IA,Sì,"Sì, confermo",Generata da IA,No,"Sì, confermo"
22,Female,Professioni Sanitarie,Generata da IA,Sì,"Sì, confermo",Generata da IA,Sì,"Sì, confermo",Generata da IA,Sì,"Sì, confermo",Reale,No,"Sì, confermo",Reale,No,"Sì, confermo",Generata da IA,Sì,"Sì, confermo",Reale,No,"Sì, confermo",Reale,No,"Sì, confermo",Reale,No,"Sì, confermo",Reale,No,"Sì, confermo",Reale,No,"Sì, confermo",Reale,No,"Sì, confermo",Generata da IA,Sì,"Sì, confermo",Generata da IA,Sì,"Sì, confermo",Reale,No,"Sì, confermo"
23 o più,Female,Professioni Sanitarie,Generata da IA,Sì,"Sì, confermo",Generata da IA,No,"Sì, confermo",Generata da IA,No,"Sì, confermo",Reale,No,"Sì, confermo",Reale,No,"Sì, confermo",Reale,No,"Sì, confermo",Reale,No,"Sì, confermo",Generata da IA,No,"Sì, confermo",Reale,Sì,"No, cambio la mia scelta",Reale,No,"Sì, confermo",Reale,No,"Sì, confermo",Reale,No,"Sì, confermo",Reale,No,"Sì, confermo",Generata da IA,No,"Sì, confermo",Reale,No,"Sì, confermo"
23 o più,Female,Professioni Sanitarie,Generata da IA,No,"Sì, confermo",Generata da IA,No,"Sì, confermo",Generata da IA,No,"Sì, confermo",Generata da IA,No,"Sì, confermo",Generata da IA,Sì,"Sì, confermo",Generata da IA,Sì,"Sì, confermo",Reale,No,"Sì, confermo",Reale,No,"Sì, confermo",Reale,No,"Sì, confermo",Generata da IA,No,"Sì, confermo",Reale,No,"Sì, confermo",Reale,No,"Sì, confermo",Generata da IA,No,"Sì, confermo",Generata da IA,No,"Sì, confermo",Generata da IA,No,"Sì, confermo"
23 o più,Female,Professioni Sanitarie,Reale,No,"Sì, confermo",Generata da IA,No,"Sì, confermo",Generata da IA,No,"Sì, confermo",Generata da IA,No,"Sì, confermo",Generata da IA,No,"Sì, confermo",Reale,No,"Sì, confermo",Generata da IA,Sì,"Sì, confermo",Generata da IA,Sì,"Sì, confermo",Reale,No,"Sì, confermo",Generata da IA,No,"Sì, confermo",Reale,No,"Sì, confermo",Generata da IA,No,"Sì, confermo",Generata da IA,Sì,"Sì, confermo",Generata da IA,No,"Sì, confermo",Generata da IA,No,"Sì, confermo"
23 o più,Male,Professioni Sanitarie,Generata da IA,Sì,"Sì, confermo",Generata da IA,Sì,"Sì, confermo",Generata da IA,Sì,"Sì, confermo",Reale,No,"Sì, confermo",Generata da IA,Sì,"Sì, confermo",Reale,No,"Sì, confermo",Reale,No,"Sì, confermo",Generata da IA,No,"Sì, confermo",Reale,No,"Sì, confermo",Generata da IA,Sì,"Sì, confermo",Generata da IA,Sì,"Sì, confermo",Generata da IA,Sì,"Sì, confermo",Reale,No,"No, cambio la mia scelta",Generata da IA,Sì,"No, cambio la mia scelta",Reale,Sì,"Sì, confermo"
22,Male,Professioni Sanitarie,Generata da IA,No,"Sì, confermo",Generata da IA,Sì,"Sì, confermo",Generata da IA,Sì,"Sì, confermo",Reale,No,"Sì, confermo",Reale,Sì,"Sì, confermo",Reale,No,"Sì, confermo",Reale,No,"Sì, confermo",Reale,No,"Sì, confermo",Reale,No,"Sì, confermo",Generata da IA,No,"Sì, confermo",Generata da IA,Sì,"Sì, confermo",Reale,No,"Sì, confermo",Reale,No,"Sì, confermo",Generata da IA,Sì,"Sì, confermo",Generata da IA,No,"Sì, confermo"
23 o più,Male,Professioni Sanitarie,Reale,Sì,"Sì, confermo",Generata da IA,Sì,"Sì, confermo",Generata da IA,No,"Sì, confermo",Generata da IA,Sì,"Sì, confermo",Generata da IA,Sì,"Sì, confermo",Reale,Sì,"Sì, confermo",Reale,Sì,"Sì, confermo",Reale,Sì,"Sì, confermo",Reale,Sì,"Sì, confermo",Reale,Sì,"No, cambio la mia scelta",Reale,No,"Sì, confermo",Reale,No,"Sì, confermo",Generata da IA,Sì,"Sì, confermo",Generata da IA,No,"Sì, confermo",Generata da IA,Sì,"Sì, confermo"
23 o più,Female,Professioni Sanitarie,Generata da IA,No,"Sì, confermo",Generata da IA,No,"Sì, confermo",Reale,Sì,"Sì, confermo",Generata da IA,No,"Sì, confermo",Generata da IA,Sì,"Sì, confermo",Reale,Sì,"Sì, confermo",Reale,No,"Sì, confermo",Reale,No,"Sì, confermo",Reale,No,"Sì, confermo",Generata da IA,Sì,"Sì, confermo",Reale,No,"Sì, confermo",Generata da IA,Sì,"Sì, confermo",Generata da IA,Sì,"Sì, confermo",Generata da IA,No,"Sì, confermo",Generata da IA,Sì,"Sì, confermo"
23 o più,Male,Professioni Sanitarie,Generata da IA,Sì,"Sì, confermo",Generata da IA,Sì,"Sì, confermo",Reale,No,"Sì, confermo",Reale,No,"Sì, confermo",Reale,Sì,"Sì, confermo",Reale,No,"Sì, confermo",Reale,Sì,"No, cambio la mia scelta",Reale,Sì,"Sì, confermo",Reale,Sì,"Sì, confermo",Reale,No,"Sì, confermo",Reale,No,"Sì, confermo",Generata da IA,No,"No, cambio la mia scelta",Reale,Sì,"No, cambio la mia scelta",Generata da IA,No,"Sì, confermo",Generata da IA,No,"Sì, confermo"
23 o più,Female,Professioni Sanitarie,Generata da IA,Sì,"Sì, confermo",Generata da IA,No,"Sì, confermo",Generata da IA,Sì,"Sì, confermo",Generata da IA,No,"Sì, confermo",Reale,No,"Sì, confermo",Reale,Sì,"Sì, confermo",Generata da IA,No,"Sì, confermo",Reale,No,"Sì, confermo",Generata da IA,No,"Sì, confermo",Reale,Sì,"Sì, confermo",Generata da IA,No,"Sì, confermo",Generata da IA,Sì,"Sì, confermo",Reale,Sì,"Sì, confermo",Generata da IA,No,"Sì, confermo",Reale,No,"Sì, confermo"
23 o più,Male,Professioni Sanitarie,Reale,No,"Sì, confermo",Generata da IA,Sì,"No, cambio la mia scelta",Generata da IA,Sì,"Sì, confermo",Generata da IA,No,"Sì, confermo",Generata da IA,No,"Sì, confermo",Reale,No,"Sì, confermo",Reale,No,"Sì, confermo",Reale,No,"Sì, confermo",Generata da IA,Sì,"Sì, confermo",Reale,No,"Sì, confermo",Reale,Sì,"No, cambio la mia scelta",Reale,No,"No, cambio la mia scelta",Reale,No,"No, cambio la mia scelta",Generata da IA,No,"Sì, confermo",Generata da IA,No,"Sì, confermo"
23 o più,Female,Professioni Sanitarie,Reale,No,"Sì, confermo",Generata da IA,No,"Sì, confermo",Reale,No,"Sì, confermo",Reale,No,"Sì, confermo",Generata da IA,No,"Sì, confermo",Reale,No,"Sì, confermo",Generata da IA,Sì,"Sì, confermo",Generata da IA,No,"Sì, confermo",Reale,No,"Sì, confermo",Reale,No,"Sì, confermo",Generata da IA,No,"Sì, confermo",Generata da IA,No,"Sì, confermo",Reale,No,"Sì, confermo",Reale,No,"Sì, confermo",Reale,Sì,"Sì, confermo"
23 o più,Female,Professioni Sanitarie,Reale,No,"Sì, confermo",Generata da IA,No,"Sì, confermo",Reale,No,"Sì, confermo",Reale,Sì,"Sì, confermo",Reale,Sì,"Sì, confermo",Reale,No,"Sì, confermo",Reale,No,"No, cambio la mia scelta",Reale,No,"Sì, confermo",Generata da IA,No,"Sì, confermo",Reale,No,"Sì, confermo",Reale,No,"Sì, confermo",Reale,Sì,"Sì, confermo",Reale,Sì,"Sì, confermo",Generata da IA,No,"Sì, confermo",Reale,No,"Sì, confermo"
23 o più,Female,Professioni Sanitarie,Generata da IA,Sì,"Sì, confermo",Generata da IA,Sì,"Sì, confermo",Reale,Sì,"No, cambio la mia scelta",Reale,Sì,"Sì, confermo",Reale,Sì,"Sì, confermo",Reale,Sì,"Sì, confermo",Reale,Sì,"No, cambio la mia scelta",Reale,Sì,"Sì, confermo",Reale,Sì,"Sì, confermo",Reale,Sì,"Sì, confermo",Reale,No,"Sì, confermo",Reale,No,"Sì, confermo",Reale,Sì,"No, cambio la mia scelta",Generata da IA,Sì,"No, cambio la mia scelta",Generata da IA,Sì,"No, cambio la mia scelta"
23 o più,Female,Professioni Sanitarie,Reale,No,"Sì, confermo",Generata da IA,Sì,"Sì, confermo",Reale,Sì,"Sì, confermo",Reale,No,"Sì, confermo",Generata da IA,Sì,"Sì, confermo",Reale,Sì,"Sì, confermo",Reale,No,"Sì, confermo",Generata da IA,Sì,"Sì, confermo",Generata da IA,Sì,"Sì, confermo",Reale,Sì,"Sì, confermo",Generata da IA,Sì,"Sì, confermo",Reale,Sì,"Sì, confermo",Reale,No,"Sì, confermo",Generata da IA,Sì,"Sì, confermo",Generata da IA,Sì,"Sì, confermo"
23 o più,Female,Professioni Sanitarie,Generata da IA,Sì,"Sì, confermo",Generata da IA,Sì,"Sì, confermo",Generata da IA,Sì,"Sì, confermo",Reale,Sì,"Sì, confermo",Generata da IA,Sì,"No, cambio la mia scelta",Reale,Sì,"Sì, confermo",Reale,Sì,"Sì, confermo",Reale,Sì,"Sì, confermo",Reale,Sì,"Sì, confermo",Reale,Sì,"Sì, confermo",Reale,Sì,"Sì, confermo",Reale,Sì,"Sì, confermo",Generata da IA,Sì,"Sì, confermo",Reale,Sì,"Sì, confermo",Reale,Sì,"Sì, confermo"
23 o più,Female,Professioni Sanitarie,Reale,No,"Sì, confermo",Generata da IA,No,"Sì, confermo",Reale,No,"Sì, confermo",Reale,No,"Sì, confermo",Reale,No,"Sì, confermo",Reale,No,"Sì, confermo",Reale,No,"Sì, confermo",Reale,No,"Sì, confermo",Reale,No,"Sì, confermo",Reale,No,"Sì, confermo",Reale,No,"Sì, confermo",Generata da IA,No,"Sì, confermo",Reale,No,"Sì, confermo",Generata da IA,No,"Sì, confermo",Reale,No,"Sì, confermo"
22,Female,Professioni Sanitarie,Reale,Sì,"Sì, confermo",Generata da IA,Sì,"Sì, confermo",Reale,No,"Sì, confermo",Reale,Sì,"Sì, confermo",Reale,Sì,"Sì, confermo",Reale,Sì,"Sì, confermo",Reale,Sì,"Sì, confermo",Reale,No,"Sì, confermo",Reale,Sì,"Sì, confermo",Generata da IA,No,"Sì, confermo",Reale,Sì,"Sì, confermo",Reale,Sì,"Sì, confermo",Generata da IA,Sì,"Sì, confermo",Generata da IA,No,"Sì, confermo",Generata da IA,No,"Sì, confermo"
23 o più,Male,Professioni Sanitarie,Reale,Sì,"Sì, confermo",Generata da IA,Sì,"No, cambio la mia scelta",Reale,No,"Sì, confermo",Reale,Sì,"No, cambio la mia scelta",Reale,Sì,"Sì, confermo",Reale,Sì,"Sì, confermo",Reale,Sì,"Sì, confermo",Generata da IA,Sì,"Sì, confermo",Reale,Sì,"Sì, confermo",Reale,Sì,"Sì, confermo",Reale,No,"Sì, confermo",Generata da IA,Sì,"Sì, confermo",Generata da IA,Sì,"Sì, confermo",Generata da IA,No,"Sì, confermo",Generata da IA,Sì,"Sì, confermo"
23 o più,Male,Professioni Sanitarie,Generata da IA,Sì,"Sì, confermo",Reale,Sì,"Sì, confermo",Generata da IA,Sì,"Sì, confermo",Generata da IA,Sì,"Sì, confermo",Reale,Sì,"Sì, confermo",Generata da IA,Sì,"Sì, confermo",Generata da IA,Sì,"Sì, confermo",Generata da IA,Sì,"Sì, confermo",Reale,Sì,"Sì, confermo",Generata da IA,Sì,"Sì, confermo",Reale,Sì,"Sì, confermo",Generata da IA,Sì,"Sì, confermo",Reale,Sì,"Sì, confermo",Reale,Sì,"Sì, confermo",Generata da IA,Sì,"Sì, confermo"
23 o più,Female,Professioni Sanitarie,Reale,No,"Sì, confermo",Generata da IA,Sì,"Sì, confermo",Generata da IA,Sì,"Sì, confermo",Generata da IA,Sì,"Sì, confermo",Generata da IA,Sì,"Sì, confermo",Reale,No,"Sì, confermo",Reale,No,"Sì, confermo",Generata da IA,Sì,"Sì, confermo",Reale,Sì,"Sì, confermo",Generata da IA,Sì,"Sì, confermo",Generata da IA,Sì,"Sì, confermo",Generata da IA,Sì,"Sì, confermo",Generata da IA,Sì,"Sì, confermo",Generata da IA,Sì,"Sì, confermo",Generata da IA,Sì,"Sì, confermo"
23 o più,Female,Professioni Sanitarie,Generata da IA,Sì,"Sì, confermo",Generata da IA,Sì,"Sì, confermo",Generata da IA,No,"Sì, confermo",Reale,Sì,"Sì, confermo",Reale,Sì,"Sì, confermo",Reale,No,"Sì, confermo",Reale,Sì,"Sì, confermo",Reale,Sì,"Sì, confermo",Generata da IA,Sì,"Sì, confermo",Generata da IA,Sì,"Sì, confermo",Reale,No,"Sì, confermo",Reale,No,"Sì, confermo",Reale,Sì,"Sì, confermo",Generata da IA,Sì,"Sì, confermo",Generata da IA,No,"Sì, confermo"
23 o più,Female,Professioni Sanitarie,Generata da IA,No,"Sì, confermo",Reale,Sì,"No, cambio la mia scelta",Reale,No,"Sì, confermo",Generata da IA,Sì,"Sì, confermo",Generata da IA,Sì,"Sì, confermo",Reale,No,"Sì, confermo",Generata da IA,No,"Sì, confermo",Reale,Sì,"Sì, confermo",Generata da IA,No,"Sì, confermo",Generata da IA,Sì,"Sì, confermo",Reale,No,"Sì, confermo",Generata da IA,No,"Sì, confermo",Reale,Sì,"Sì, confermo",Generata da IA,No,"Sì, confermo",Reale,Sì,"Sì, confermo"
23 o più,Female,Professioni Sanitarie,Generata da IA,Sì,"Sì, confermo",Generata da IA,Sì,"Sì, confermo",Generata da IA,Sì,"Sì, confermo",Reale,No,"Sì, confermo",Reale,Sì,"Sì, confermo",Reale,No,"Sì, confermo",Reale,No,"Sì, confermo",Reale,No,"Sì, confermo",Reale,No,"Sì, confermo",Reale,No,"Sì, confermo",Reale,No,"Sì, confermo",Reale,Sì,"Sì, confermo",Reale,Sì,"Sì, confermo",Generata da IA,No,"Sì, confermo",Generata da IA,Sì,"Sì, confermo"
23 o più,Male,Dei,Generata da IA,Sì,"Sì, confermo",Reale,Sì,"Sì, confermo",Generata da IA,Sì,"Sì, confermo",Reale,No,"Sì, confermo",Generata da IA,Sì,"Sì, confermo",Reale,Sì,"Sì, confermo",Reale,No,"Sì, confermo",Reale,No,"Sì, confermo",Reale,No,"Sì, confermo",Reale,Sì,"Sì, confermo",Reale,No,"Sì, confermo",Reale,Sì,"Sì, confermo",Reale,No,"Sì, confermo",Reale,Sì,"Sì, confermo",Generata da IA,Sì,"No, cambio la mia scelta"
23 o più,Female,DiSFor,Generata da IA,Sì,"Sì, confermo",Generata da IA,Sì,"Sì, confermo",Generata da IA,No,"Sì, confermo",Reale,Sì,"No, cambio la mia scelta",Reale,No,"Sì, confermo",Reale,Sì,"Sì, confermo",Reale,No,"Sì, confermo",Reale,No,"Sì, confermo",Reale,No,"Sì, confermo",Reale,No,"Sì, confermo",Reale,No,"Sì, confermo",Reale,No,"Sì, confermo",Reale,No,"Sì, confermo",Generata da IA,No,"Sì, confermo",Generata da IA,No,"Sì, confermo"
23 o più,Female,Scuola di Medicina,Generata da IA,Sì,"Sì, confermo",Generata da IA,Sì,"Sì, confermo",Reale,Sì,"Sì, confermo",Reale,No,"Sì, confermo",Reale,No,"Sì, confermo",Reale,No,"Sì, confermo",Reale,Sì,"No, cambio la mia scelta",Reale,No,"Sì, confermo",Reale,No,"Sì, confermo",Reale,No,"Sì, confermo",Reale,Sì,"Sì, confermo",Reale,No,"No, cambio la mia scelta",Reale,Sì,"No, cambio la mia scelta",Generata da IA,Sì,"Sì, confermo",Generata da IA,Sì,"Sì, confermo"
20,Female,Scienze Biologiche ,Generata da IA,Sì,"Sì, confermo",Reale,No,"No, cambio la mia scelta",Generata da IA,No,"Sì, confermo",Reale,No,"Sì, confermo",Generata da IA,No,"No, cambio la mia scelta",Generata da IA,No,"Sì, confermo",Reale,No,"Sì, confermo",Reale,No,"Sì, confermo",Generata da IA,Sì,"No, cambio la mia scelta",Reale,No,"Sì, confermo",Reale,No,"Sì, confermo",Reale,No,"Sì, confermo",Generata da IA,No,"Sì, confermo",Generata da IA,No,"Sì, confermo",Reale,Sì,"Sì, confermo"
20,Female,Economia Aziendale ,Reale,Sì,"Sì, confermo",Generata da IA,Sì,"Sì, confermo",Generata da IA,Sì,"Sì, confermo",Generata da IA,Sì,"Sì, confermo",Reale,No,"Sì, confermo",Reale,Sì,"Sì, confermo",Reale,No,"Sì, confermo",Reale,Sì,"Sì, confermo",Reale,Sì,"Sì, confermo",Generata da IA,Sì,"Sì, confermo",Reale,Sì,"Sì, confermo",Generata da IA,No,"Sì, confermo",Reale,No,"Sì, confermo",Reale,Sì,"Sì, confermo",Generata da IA,No,"Sì, confermo"
23 o più,Female,Accademia di Belle Arti di Catania,Generata da IA,No,"Sì, confermo",Generata da IA,Sì,"Sì, confermo",Generata da IA,Sì,"Sì, confermo",Generata da IA,No,"Sì, confermo",Generata da IA,No,"Sì, confermo",Generata da IA,Sì,"Sì, confermo",Reale,No,"Sì, confermo",Reale,Sì,"Sì, confermo",Generata da IA,Sì,"Sì, confermo",Reale,No,"Sì, confermo",Reale,No,"Sì, confermo",Generata da IA,No,"Sì, confermo",Reale,Sì,"Sì, confermo",Generata da IA,No,"Sì, confermo",Generata da IA,No,"Sì, confermo"
23 o più,Male,DMI,Reale,No,"Sì, confermo",Generata da IA,Sì,"Sì, confermo",Generata da IA,Sì,"Sì, confermo",Generata da IA,Sì,"Sì, confermo",Generata da IA,No,"Sì, confermo",Generata da IA,No,"Sì, confermo",Reale,No,"Sì, confermo",Reale,Sì,"Sì, confermo",Generata da IA,Sì,"Sì, confermo",Reale,No,"Sì, confermo",Reale,No,"Sì, confermo",Reale,Sì,"Sì, confermo",Reale,Sì,"Sì, confermo",Generata da IA,No,"Sì, confermo",Generata da IA,No,"Sì, confermo"
23 o più,Male,Dipartimento di Scienze Politiche e Socali ,Generata da IA,Sì,"Sì, confermo",Generata da IA,No,"Sì, confermo",Generata da IA,Sì,"Sì, confermo",Generata da IA,No,"Sì, confermo",Generata da IA,Sì,"Sì, confermo",Reale,No,"Sì, confermo",Reale,No,"Sì, confermo",Reale,No,"Sì, confermo",Generata da IA,Sì,"Sì, confermo",Reale,No,"Sì, confermo",Generata da IA,No,"Sì, confermo",Generata da IA,No,"Sì, confermo",Reale,No,"Sì, confermo",Generata da IA,No,"Sì, confermo",Generata da IA,No,"Sì, confermo"
23 o più,Male,PUT,Reale,No,"Sì, confermo",Generata da IA,Sì,"Sì, confermo",Generata da IA,No,"Sì, confermo",Generata da IA,No,"Sì, confermo",Generata da IA,No,"Sì, confermo",Generata da IA,Sì,"Sì, confermo",Generata da IA,No,"Sì, confermo",Generata da IA,Sì,"Sì, confermo",Reale,No,"Sì, confermo",Reale,No,"Sì, confermo",Reale,No,"Sì, confermo",Reale,Sì,"Sì, confermo",Reale,No,"Sì, confermo",Generata da IA,No,"Sì, confermo",Generata da IA,No,"Sì, confermo"
23 o più,Male,Poznań University of Technology ,Reale,No,"Sì, confermo",Generata da IA,Sì,"Sì, confermo",Generata da IA,Sì,"Sì, confermo",Generata da IA,No,"Sì, confermo",Generata da IA,No,"Sì, confermo",Generata da IA,No,"Sì, confermo",Reale,No,"Sì, confermo",Reale,No,"Sì, confermo",Reale,No,"Sì, confermo",Reale,No,"Sì, confermo",Generata da IA,Sì,"Sì, confermo",Generata da IA,No,"Sì, confermo",Generata da IA,No,"Sì, confermo",Generata da IA,No,"Sì, confermo",Generata da IA,No,"Sì, confermo"
23 o più,Female,Poznań University of Technology,Reale,No,"Sì, confermo",Generata da IA,No,"Sì, confermo",Generata da IA,Sì,"Sì, confermo",Reale,No,"Sì, confermo",Generata da IA,Sì,"Sì, confermo",Reale,No,"Sì, confermo",Reale,No,"Sì, confermo",Reale,No,"Sì, confermo",Reale,No,"Sì, confermo",Reale,No,"Sì, confermo",Reale,No,"Sì, confermo",Generata da IA,Sì,"Sì, confermo",Generata da IA,Sì,"Sì, confermo",Generata da IA,Sì,"Sì, confermo",Generata da IA,Sì,"Sì, confermo"
23 o più,Male,PUT,Reale,No,"Sì, confermo",Generata da IA,Sì,"Sì, confermo",Generata da IA,No,"Sì, confermo",Generata da IA,No,"Sì, confermo",Generata da IA,No,"No, cambio scelta",Reale,No,"Sì, confermo",Reale,No,"Sì, confermo",Reale,No,"Sì, confermo",Reale,No,"Sì, confermo",Reale,No,"Sì, confermo",Reale,No,"Sì, confermo",Reale,No,"No, cambio scelta",Generata da IA,No,"Sì, confermo",Generata da IA,No,"Sì, confermo",,,
22,Female,Catania,Reale,Sì,"Sì, confermo",Generata da IA,Sì,"Sì, confermo",Reale,Sì,"Sì, confermo",Generata da IA,Sì,"Sì, confermo",Generata da IA,Sì,"Sì, confermo",Reale,Sì,"Sì, confermo",Reale,Sì,"No, cambio scelta",Reale,Sì,"Sì, confermo",Reale,No,"Sì, confermo",Reale,Sì,"No, cambio scelta",Generata da IA,Sì,"Sì, confermo",Generata da IA,Sì,"Sì, confermo",Generata da IA,Sì,"Sì, confermo",Generata da IA,Sì,"Sì, confermo",Generata da IA,Sì,"Sì, confermo"
23 o più,Male,Catania ,Reale,No,"Sì, confermo",Generata da IA,Sì,"Sì, confermo",Generata da IA,No,"Sì, confermo",Reale,Sì,"Sì, confermo",Reale,No,"Sì, confermo",Reale,Sì,"Sì, confermo",Reale,Sì,"No, cambio scelta",Generata da IA,No,"Sì, confermo",Reale,Sì,"Sì, confermo",Reale,Sì,"No, cambio scelta",Reale,Sì,"Sì, confermo",Reale,Sì,"Sì, confermo",Reale,Sì,"No, cambio scelta",Generata da IA,Sì,"No, cambio scelta",Generata da IA,No,"No, cambio scelta"
23 o più,Male,Università degli studi di Catania,Reale,No,"Sì, confermo",Reale,Sì,"No, cambio scelta",Generata da IA,Sì,"No, cambio scelta",Reale,No,"Sì, confermo",Reale,No,"Sì, confermo",Reale,Sì,"Sì, confermo",Reale,No,"No, cambio scelta",Reale,No,"Sì, confermo",Reale,No,"Sì, confermo",Generata da IA,No,"Sì, confermo",Reale,No,"Sì, confermo",Reale,No,"Sì, confermo",Generata da IA,No,"Sì, confermo",Generata da IA,No,"Sì, confermo",Generata da IA,No,"Sì, confermo"
23 o più,Male,University of Catania,Reale,No,"Sì, confermo",Generata da IA,Sì,"Sì, confermo",Generata da IA,Sì,"Sì, confermo",Reale,No,"Sì, confermo",Generata da IA,Sì,"Sì, confermo",Reale,No,"Sì, confermo",Reale,No,"No, cambio scelta",Reale,No,"Sì, confermo",Generata da IA,No,"Sì, confermo",Reale,No,"Sì, confermo",Reale,No,"Sì, confermo",Generata da IA,No,"Sì, confermo",Reale,Sì,"No, cambio scelta",Generata da IA,No,"Sì, confermo",Generata da IA,Sì,"No, cambio scelta"
22,Male,orazioragazzo@gmail.com,Reale,Sì,"No, cambio scelta",Generata da IA,Sì,"Sì, confermo",Generata da IA,Sì,"No, cambio scelta",Reale,Sì,"No, cambio scelta",Reale,No,"Sì, confermo",Reale,No,"No, cambio scelta",Reale,Sì,"No, cambio scelta",Reale,Sì,"No, cambio scelta",Reale,Sì,"Sì, confermo",Reale,Sì,"No, cambio scelta",Reale,Sì,"Sì, confermo",Reale,Sì,"Sì, confermo",Generata da IA,Sì,"Sì, confermo",Generata da IA,Sì,"No, cambio scelta",Generata da IA,Sì,"No, cambio scelta"
23 o più,Male,Università degli studi di Catania,Reale,Sì,"Sì, confermo",Generata da IA,Sì,"Sì, confermo",Generata da IA,Sì,"No, cambio scelta",Generata da IA,Sì,"Sì, confermo",Generata da IA,Sì,"Sì, confermo",Generata da IA,Sì,"Sì, confermo",Reale,Sì,"No, cambio scelta",Generata da IA,Sì,"Sì, confermo",Generata da IA,Sì,"Sì, confermo",Reale,Sì,"No, cambio scelta",Reale,Sì,"Sì, confermo",Generata da IA,Sì,"Sì, confermo",Generata da IA,Sì,"Sì, confermo",Generata da IA,No,"Sì, confermo",Generata da IA,No,"Sì, confermo"
