Età,Sesso biologico,Dipartimento di afferenza,Credi che questa immagine sia stata generata da IA o che sia reale?,Hai avuto dubbi sulla veridicità dell'immagine?,"Un algoritmo ti suggerisce che, al 37%, l'immagine precedente sia stata generata da IA. Confermi la tua scelta?",Credi che questa immagine sia stata generata da IA o che sia reale?.1,Hai avuto dubbi sulla veridicità dell'immagine?.1,"Un algoritmo ti suggerisce che, al 29%, l'immagine precedente sia stata generata da IA. Confermi la tua scelta?",Credi che questa immagine sia stata generata da IA o che sia reale?.2,Hai avuto dubbi sulla veridicità dell'immagine?.2,"Un algoritmo ti suggerisce che, al 60%, l'immagine precedente sia stata generata da IA. Confermi la tua scelta?",Credi che questa immagine sia stata generata da IA o che sia reale?.3,Hai avuto dubbi sulla veridicità dell'immagine?.3,"Un algoritmo ti suggerisce che, al 96%, l'immagine precedente sia stata generata da IA. Confermi la tua scelta?",Credi che questa immagine sia stata generata da IA o che sia reale?.4,Hai avuto dubbi sulla veridicità dell'immagine?.4,"Un algoritmo ti suggerisce che, all'88%, l'immagine precedente sia stata generata da IA. Confermi la tua scelta?",Credi che questa immagine sia stata generata da IA o che sia reale?.5,Hai avuto dubbi sulla veridicità dell'immagine?.5,"Un algoritmo ti suggerisce che, al 78%, l'immagine precedente sia stata generata da IA. Confermi la tua scelta?",Credi che questa immagine sia stata generata da IA o che sia reale?.6,Hai avuto dubbi sulla veridicità dell'immagine?.6,"Un algoritmo ti suggerisce che, al 60%, l'immagine precedente sia stata generata da IA. Confermi la tua scelta?.1",Credi che questa immagine sia stata generata da IA o che sia reale?.7,Hai avuto dubbi sulla veridicità dell'immagine?.7,"Un algoritmo ti suggerisce che, al 97%, l'immagine precedente sia stata generata da IA. Confermi la tua scelta?",Credi che questa immagine sia stata generata da IA o che sia reale?.8,Hai avuto dubbi sulla veridicità dell'immagine?.8,"Un algoritmo ti suggerisce che, al 23%, l'immagine precedente sia stata generata da IA. Confermi la tua scelta?",Credi che questa immagine sia stata generata da IA o che sia reale?.9,Hai avuto dubbi sulla veridicità dell'immagine?.9,"Un algoritmo ti suggerisce che, al 99%, l'immagine precedente sia stata generata da IA. Confermi la tua scelta?",Credi che questa immagine sia stata generata da IA o che sia reale?.10,Hai avuto dubbi sulla veridicità dell'immagine?.10,"Un algoritmo ti suggerisce che, al 62%, l'immagine precedente sia stata generata da IA. Confermi la tua scelta?",Credi che questa immagine sia stata generata da IA o che sia reale?.11,Hai avuto dubbi sulla veridicità dell'immagine?.11,"Un algoritmo ti suggerisce che, al 64%, l'immagine precedente sia stata generata da IA. Confermi la tua scelta?",Credi che questa immagine sia stata generata da IA o che sia reale?.12,Hai avuto dubbi sulla veridicità dell'immagine?.12,"Un algoritmo ti suggerisce che, all'88%, l'immagine precedente sia stata generata da IA. Confermi la tua scelta?.1",Credi che questa immagine sia stata generata da IA o che sia reale?.13,Hai avuto dubbi sulla veridicità dell'immagine?.13,"Un algoritmo ti suggerisce che, all'81%, l'immagine precedente sia stata generata da IA. Confermi la tua scelta?",Credi che questa immagine sia stata generata da IA o che sia reale?.14,Hai avuto dubbi sulla veridicità dell'immagine?.14,"Un algoritmo ti suggerisce che, al 22%, l'immagine precedente sia stata generata da IA. Confermi la tua scelta?"
22,Male,DMI,Reale,No,"Sì, confermo",Generata da IA,Sì,"No, cambio la mia scelta",Generata da IA,Sì,"Sì, confermo",Reale,No,"No, cambio la mia scelta",Reale,No,"No, cambio la mia scelta",Generata da IA,Sì,"Sì, confermo",Reale,No,"Sì, confermo",Reale,No,"No, cambio la mia scelta",Reale,No,"Sì, confermo",Generata da IA,Sì,"Sì, confermo",Reale,No,"Sì, confermo",Generata da IA,Sì,"Sì, confermo",Reale,No,"Sì, confermo",Reale,No,"Sì, confermo",Generata da IA,Sì,"No, cambio la mia scelta"
22,Male,DMI,Reale,No,"Sì, confermo",Generata da IA,No,"Sì, confermo",Reale,No,"Sì, confermo",Reale,Sì,"Sì, confermo",Generata da IA,Sì,"Sì, confermo",Generata da IA,Sì,"Sì, confermo",Reale,No,"Sì, confermo",Reale,No,"Sì, confermo",Generata da IA,No,"Sì, confermo",Reale,Sì,"No, cambio la mia scelta",Generata da IA,No,"No, cambio la mia scelta",Reale,No,"Sì, confermo",Generata da IA,Sì,"Sì, confermo",Reale,Sì,"Sì, confermo",Reale,Sì,"Sì, confermo"
22,Male,DMI,Reale,Sì,"Sì, confermo",Generata da IA,No,"Sì, confermo",Generata da IA,Sì,"Sì, confermo",Generata da IA,Sì,"Sì, confermo",Generata da IA,Sì,"Sì, confermo",Generata da IA,Sì,"Sì, confermo",Reale,Sì,"Sì, confermo",Reale,Sì,"Sì, confermo",Reale,Sì,"Sì, confermo",Reale,Sì,"No, cambio la mia scelta",Generata da IA,Sì,"Sì, confermo",Generata da IA,Sì,"Sì, confermo",Reale,Sì,"Sì, confermo",Reale,Sì,"Sì, confermo",Generata da IA,Sì,"Sì, confermo"
22,Male,DMI,Reale,No,"Sì, confermo",Generata da IA,No,"Sì, confermo",Reale,Sì,"No, cambio la mia scelta",Reale,Sì,"Sì, confermo",Reale,Sì,"No, cambio la mia scelta",Reale,Sì,"Sì, confermo",Reale,No,"Sì, confermo",Reale,No,"Sì, confermo",Reale,No,"Sì, confermo",Reale,No,"Sì, confermo",Generata da IA,No,"Sì, confermo",Generata da IA,Sì,"Sì, confermo",Reale,Sì,"No, cambio la mia scelta",Generata da IA,Sì,"Sì, confermo",Reale,Sì,"No, cambio la mia scelta"
23 o più,Male,DIEEI,Reale,Sì,"Sì, confermo",Generata da IA,No,"Sì, confermo",Reale,No,"Sì, confermo",Reale,No,"No, cambio la mia scelta",Reale,No,"Sì, confermo",Reale,Sì,"Sì, confermo",Generata da IA,No,"Sì, confermo",Reale,No,"Sì, confermo",Reale,No,"Sì, confermo",Generata da IA,No,"Sì, confermo",Reale,No,"Sì, confermo",Reale,No,"Sì, confermo",Generata da IA,Sì,"Sì, confermo",Generata da IA,Sì,"Sì, confermo",Reale,No,"Sì, confermo"
22,Female,DMI,Generata da IA,Sì,"Sì, confermo",Reale,Sì,"Sì, confermo",Generata da IA,Sì,"Sì, confermo",Reale,Sì,"Sì, confermo",Reale,Sì,"No, cambio la mia scelta",Reale,Sì,"Sì, confermo",Reale,No,"Sì, confermo",Generata da IA,Sì,"Sì, confermo",Generata da IA,Sì,"No, cambio la mia scelta",Reale,Sì,"Sì, confermo",Generata da IA,Sì,"Sì, confermo",Generata da IA,Sì,"Sì, confermo",Generata da IA,Sì,"Sì, confermo",Reale,Sì,"Sì, confermo",Generata da IA,Sì,"Sì, confermo"
21,Male,DMI,Reale,No,"No, cambio la mia scelta",Generata da IA,Sì,"No, cambio la mia scelta",Generata da IA,No,"Sì, confermo",Reale,No,"No, cambio la mia scelta",Generata da IA,No,"Sì, confermo",Generata da IA,Sì,"Sì, confermo",Reale,No,"Sì, confermo",Reale,No,"No, cambio la mia scelta",Reale,No,"Sì, confermo",Reale,Sì,"No, cambio la mia scelta",Generata da IA,Sì,"Sì, confermo",Generata da IA,Sì,"Sì, confermo",Generata da IA,No,"Sì, confermo",Reale,No,"No, cambio la mia scelta",Reale,Sì,"Sì, confermo"
22,Female,DIEEI,Reale,Sì,"Sì, confermo",Generata da IA,Sì,"Sì, confermo",Generata da IA,No,"Sì, confermo",Generata da IA,No,"Sì, confermo",Reale,No,"Sì, confermo",Generata da IA,Sì,"Sì, confermo",Reale,No,"Sì, confermo",Reale,No,"Sì, confermo",Reale,No,"Sì, confermo",Generata da IA,Sì,"Sì, confermo",Generata da IA,Sì,"Sì, confermo",Reale,Sì,"Sì, confermo",Generata da IA,No,"Sì, confermo",Generata da IA,No,"Sì, confermo",Generata da IA,No,"Sì, confermo"
23 o più,Male,TRIDIPARTIMENTALE,Reale,Sì,"Sì, confermo",Generata da IA,No,"Sì, confermo",Reale,Sì,"No, cambio la mia scelta",Generata da IA,Sì,"Sì, confermo",Generata da IA,No,"Sì, confermo",Generata da IA,Sì,"Sì, confermo",Generata da IA,Sì,"Sì, confermo",Generata da IA,Sì,"Sì, confermo",Reale,No,"Sì, confermo",Generata da IA,Sì,"Sì, confermo",Generata da IA,No,"Sì, confermo",Reale,No,"No, cambio la mia scelta",Generata da IA,Sì,"Sì, confermo",Generata da IA,Sì,"Sì, confermo",Reale,Sì,"Sì, confermo"
22,Female,DMI,Reale,No,"Sì, confermo",Generata da IA,No,"Sì, confermo",Reale,Sì,"Sì, confermo",Reale,No,"No, cambio la mia scelta",Generata da IA,No,"Sì, confermo",Reale,Sì,"No, cambio la mia scelta",Reale,No,"Sì, confermo",Generata da IA,Sì,"Sì, confermo",Reale,No,"Sì, confermo",Generata da IA,No,"Sì, confermo",Generata da IA,Sì,"Sì, confermo",Generata da IA,No,"Sì, confermo",Generata da IA,No,"Sì, confermo",Generata da IA,No,"Sì, confermo",Generata da IA,No,"No, cambio la mia scelta"
23 o più,Male,DMI,Reale,No,"Sì, confermo",Generata da IA,Sì,"No, cambio la mia scelta",Generata da IA,Sì,"Sì, confermo",Reale,No,"No, cambio la mia scelta",Generata da IA,Sì,"Sì, confermo",Generata da IA,No,"Sì, confermo",Reale,No,"Sì, confermo",Generata da IA,Sì,"Sì, confermo",Reale,No,"Sì, confermo",Generata da IA,No,"Sì, confermo",Generata da IA,No,"Sì, confermo",Generata da IA,No,"Sì, confermo",Generata da IA,No,"Sì, confermo",Generata da IA,No,"Sì, confermo",Generata da IA,No,"Sì, confermo"
23 o più,Male,3 dipartimenti,Generata da IA,Sì,"Sì, confermo",Reale,No,"Sì, confermo",Reale,No,"Sì, confermo",Generata da IA,Sì,"Sì, confermo",Reale,Sì,"Sì, confermo",Reale,Sì,"Sì, confermo",Reale,Sì,"Sì, confermo",Generata da IA,Sì,"Sì, confermo",Generata da IA,Sì,"No, cambio la mia scelta",Generata da IA,Sì,"Sì, confermo",Generata da IA,Sì,"No, cambio la mia scelta",Reale,Sì,"Sì, confermo",Generata da IA,Sì,"Sì, confermo",Reale,Sì,"Sì, confermo",Generata da IA,Sì,"No, cambio la mia scelta"
23 o più,Male,"Economia, Matematica, Ingegneria ",Generata da IA,Sì,"Sì, confermo",Generata da IA,No,"Sì, confermo",Generata da IA,No,"Sì, confermo",Reale,No,"Sì, confermo",Generata da IA,No,"Sì, confermo",Generata da IA,Sì,"Sì, confermo",Generata da IA,Sì,"Sì, confermo",Reale,No,"Sì, confermo",Generata da IA,No,"Sì, confermo",Generata da IA,No,"Sì, confermo",Reale,No,"Sì, confermo",Generata da IA,No,"Sì, confermo",Generata da IA,No,"Sì, confermo",Generata da IA,No,"Sì, confermo",Generata da IA,No,"Sì, confermo"
23 o più,Female,DiSFor,Reale,Sì,"Sì, confermo",Reale,Sì,"Sì, confermo",Generata da IA,Sì,"Sì, confermo",Generata da IA,Sì,"Sì, confermo",Reale,Sì,"Sì, confermo",Reale,Sì,"Sì, confermo",Reale,Sì,"Sì, confermo",Reale,Sì,"No, cambio la mia scelta",Reale,Sì,"Sì, confermo",Generata da IA,Sì,"Sì, confermo",Generata da IA,Sì,"Sì, confermo",Generata da IA,Sì,"Sì, confermo",Reale,Sì,"Sì, confermo",Generata da IA,Sì,"Sì, confermo",Reale,Sì,"Sì, confermo"
23 o più,Female,DiSFor,Generata da IA,Sì,"Sì, confermo",Generata da IA,Sì,"Sì, confermo",Generata da IA,Sì,"Sì, confermo",Reale,No,"Sì, confermo",Reale,Sì,"Sì, confermo",Reale,Sì,"Sì, confermo",Reale,No,"Sì, confermo",Reale,No,"Sì, confermo",Reale,Sì,"Sì, confermo",Reale,No,"Sì, confermo",Generata da IA,Sì,"Sì, confermo",Reale,No,"Sì, confermo",Generata da IA,Sì,"Sì, confermo",Reale,No,"Sì, confermo",Reale,No,"Sì, confermo"
23 o più,Female,DiSFor,Generata da IA,Sì,"Sì, confermo",Generata da IA,Sì,"Sì, confermo",Reale,No,"Sì, confermo",Reale,No,"Sì, confermo",Reale,Sì,"Sì, confermo",Reale,Sì,"Sì, confermo",Reale,No,"Sì, confermo",Reale,No,"Sì, confermo",Reale,Sì,"Sì, confermo",Reale,Sì,"Sì, confermo",Reale,No,"Sì, confermo",Reale,No,"Sì, confermo",Reale,No,"Sì, confermo",Reale,No,"Sì, confermo",Reale,No,"Sì, confermo"
23 o più,Female,DiSFor,Reale,No,"Sì, confermo",Generata da IA,No,"Sì, confermo",Generata da IA,No,"Sì, confermo",Reale,No,"Sì, confermo",Generata da IA,Sì,"Sì, confermo",Reale,Sì,"Sì, confermo",Reale,Sì,"Sì, confermo",Generata da IA,No,"Sì, confermo",Reale,No,"Sì, confermo",Generata da IA,No,"Sì, confermo",Generata da IA,Sì,"Sì, confermo",Generata da IA,No,"Sì, confermo",Generata da IA,Sì,"Sì, confermo",Reale,No,"Sì, confermo",Generata da IA,Sì,"No, cambio la mia scelta"
22,Male,DMI,Reale,No,"Sì, confermo",Generata da IA,No,"Sì, confermo",Reale,Sì,"No, cambio la mia scelta",Reale,No,"Sì, confermo",Generata da IA,Sì,"Sì, confermo",Reale,Sì,"Sì, confermo",Reale,No,"Sì, confermo",Reale,No,"Sì, confermo",Reale,No,"Sì, confermo",Reale,Sì,"No, cambio la mia scelta",Generata da IA,No,"Sì, confermo",Reale,No,"Sì, confermo",Reale,No,"Sì, confermo",Generata da IA,Sì,"Sì, confermo",Reale,No,"Sì, confermo"
23 o più,Male,DMI,Reale,Sì,"Sì, confermo",Generata da IA,No,"Sì, confermo",Generata da IA,Sì,"Sì, confermo",Reale,No,"Sì, confermo",Generata da IA,No,"Sì, confermo",Reale,No,"No, cambio la mia scelta",Reale,No,"Sì, confermo",Reale,No,"Sì, confermo",Generata da IA,Sì,"No, cambio la mia scelta",Generata da IA,Sì,"Sì, confermo",Generata da IA,Sì,"Sì, confermo",Reale,No,"Sì, confermo",Reale,No,"Sì, confermo",Generata da IA,Sì,"Sì, confermo",Reale,No,"Sì, confermo"
21,Male,DMI,Reale,No,"Sì, confermo",Generata da IA,No,"No, cambio la mia scelta",Generata da IA,Sì,"Sì, confermo",Reale,No,"Sì, confermo",Generata da IA,Sì,"Sì, confermo",Reale,No,"Sì, confermo",Reale,No,"Sì, confermo",Reale,Sì,"No, cambio la mia scelta",Generata da IA,Sì,"No, cambio la mia scelta",Reale,No,"Sì, confermo",Generata da IA,Sì,"Sì, confermo",Reale,Sì,"Sì, confermo",Generata da IA,No,"Sì, confermo",Generata da IA,Sì,"Sì, confermo",Reale,Sì,"Sì, confermo"
21,Male,DMI,Generata da IA,Sì,"Sì, confermo",Generata da IA,Sì,"Sì, confermo",Reale,No,"Sì, confermo",Generata da IA,Sì,"Sì, confermo",Generata da IA,No,"Sì, confermo",Reale,Sì,"Sì, confermo",Reale,No,"Sì, confermo",Reale,No,"Sì, confermo",Reale,No,"Sì, confermo",Generata da IA,Sì,"Sì, confermo",Generata da IA,Sì,"Sì, confermo",Reale,Sì,"Sì, confermo",Reale,Sì,"Sì, confermo",Generata da IA,Sì,"Sì, confermo",Generata da IA,No,"Sì, confermo"
20,Male,DMI,Reale,No,"Sì, confermo",Generata da IA,No,"Sì, confermo",Generata da IA,Sì,"Sì, confermo",Reale,No,"Sì, confermo",Generata da IA,No,"Sì, confermo",Reale,No,"Sì, confermo",Reale,No,"Sì, confermo",Reale,Sì,"No, cambio la mia scelta",Reale,No,"Sì, confermo",Reale,No,"Sì, confermo",Generata da IA,Sì,"Sì, confermo",Generata da IA,Sì,"Sì, confermo",Reale,Sì,"Sì, confermo",Generata da IA,Sì,"Sì, confermo",Reale,No,"Sì, confermo"
20,Female,DMI,Reale,No,"Sì, confermo",Generata da IA,No,"Sì, confermo",Reale,No,"Sì, confermo",Reale,No,"Sì, confermo",Generata da IA,Sì,"Sì, confermo",Generata da IA,Sì,"Sì, confermo",Reale,No,"Sì, confermo",Reale,No,"No, cambio la mia scelta",Reale,No,"Sì, confermo",Reale,No,"Sì, confermo",Reale,Sì,"Sì, confermo",Reale,No,"Sì, confermo",Reale,No,"Sì, confermo",Reale,No,"Sì, confermo",Generata da IA,No,"Sì, confermo"
20,Male,DMI,Reale,Sì,"Sì, confermo",Generata da IA,No,"Sì, confermo",Reale,Sì,"Sì, confermo",Generata da IA,Sì,"Sì, confermo",Generata da IA,No,"Sì, confermo",Reale,No,"Sì, confermo",Reale,No,"Sì, confermo",Reale,No,"Sì, confermo",Reale,No,"Sì, confermo",Reale,Sì,"No, cambio la mia scelta",Generata da IA,No,"Sì, confermo",Generata da IA,No,"Sì, confermo",Generata da IA,No,"Sì, confermo",Generata da IA,No,"Sì, confermo",Generata da IA,Sì,"Sì, confermo"
23 o più,Male,DMI,Reale,No,"Sì, confermo",Generata da IA,Sì,"Sì, confermo",Generata da IA,Sì,"Sì, confermo",Reale,Sì,"No, cambio la mia scelta",Generata da IA,Sì,"Sì, confermo",Generata da IA,Sì,"Sì, confermo",Generata da IA,Sì,"Sì, confermo",Generata da IA,Sì,"Sì, confermo",Reale,Sì,"Sì, confermo",Generata da IA,Sì,"Sì, confermo",Generata da IA,Sì,"Sì, confermo",Generata da IA,Sì,"Sì, confermo",Generata da IA,Sì,"Sì, confermo",Generata da IA,Sì,"Sì, confermo",Generata da IA,Sì,"Sì, confermo"
20,Male,DMI,Reale,Sì,"Sì, confermo",Reale,No,"Sì, confermo",Generata da IA,Sì,"Sì, confermo",Reale,Sì,"No, cambio la mia scelta",Generata da IA,Sì,"Sì, confermo",Generata da IA,Sì,"Sì, confermo",Reale,Sì,"Sì, confermo",Generata da IA,Sì,"Sì, confermo",Reale,No,"Sì, confermo",Reale,No,"No, cambio la mia scelta",Generata da IA,Sì,"Sì, confermo",Generata da IA,Sì,"Sì, confermo",Reale,Sì,"No, cambio la mia scelta",Generata da IA,Sì,"No, cambio la mia scelta",Generata da IA,Sì,"Sì, confermo"
21,Male,DMI,Reale,No,"Sì, confermo",Generata da IA,Sì,"Sì, confermo",Generata da IA,Sì,"Sì, confermo",Reale,No,"Sì, confermo",Generata da IA,Sì,"Sì, confermo",Reale,No,"Sì, confermo",Reale,No,"Sì, confermo",Reale,No,"Sì, confermo",Reale,No,"Sì, confermo",Reale,No,"No, cambio la mia scelta",Reale,No,"Sì, confermo",Reale,No,"Sì, confermo",Generata da IA,No,"Sì, confermo",Reale,No,"Sì, confermo",Reale,No,"Sì, confermo"
20,Male,DMI,Reale,No,"Sì, confermo",Generata da IA,No,"Sì, confermo",Generata da IA,Sì,"Sì, confermo",Generata da IA,Sì,"Sì, confermo",Generata da IA,Sì,"Sì, confermo",Generata da IA,Sì,"Sì, confermo",Generata da IA,No,"Sì, confermo",Reale,No,"Sì, confermo",Reale,No,"Sì, confermo",Reale,Sì,"No, cambio la mia scelta",Generata da IA,No,"Sì, confermo",Generata da IA,No,"Sì, confermo",Generata da IA,No,"Sì, confermo",Reale,No,"Sì, confermo",Generata da IA,Sì,"Sì, confermo"
23 o più,Male,DMI,Reale,No,"Sì, confermo",Reale,No,"Sì, confermo",Reale,Sì,"Sì, confermo",Reale,No,"No, cambio la mia scelta",Generata da IA,Sì,"Sì, confermo",Reale,No,"Sì, confermo",Reale,No,"Sì, confermo",Reale,No,"No, cambio la mia scelta",Reale,No,"Sì, confermo",Reale,No,"No, cambio la mia scelta",Generata da IA,No,"Sì, confermo",Generata da IA,No,"Sì, confermo",Reale,No,"No, cambio la mia scelta",Reale,No,"No, cambio la mia scelta",Generata da IA,Sì,"No, cambio la mia scelta"
23 o più,Female,Casalinga ,Generata da IA,No,"No, cambio la mia scelta",Generata da IA,No,"No, cambio la mia scelta",Generata da IA,No,"Sì, confermo",Generata da IA,No,"Sì, confermo",Generata da IA,No,"Sì, confermo",Reale,No,"Sì, confermo",Reale,Sì,"Sì, confermo",Reale,No,"No, cambio la mia scelta",Generata da IA,No,"No, cambio la mia scelta",Reale,No,"No, cambio la mia scelta",Reale,No,"Sì, confermo",Generata da IA,No,"Sì, confermo",Reale,No,"Sì, confermo",Generata da IA,No,"Sì, confermo",Reale,Sì,"Sì, confermo"
21,Female,DMI,Reale,No,"Sì, confermo",Generata da IA,No,"Sì, confermo",Generata da IA,No,"Sì, confermo",Reale,No,"Sì, confermo",Generata da IA,Sì,"Sì, confermo",Reale,No,"Sì, confermo",Generata da IA,Sì,"Sì, confermo",Generata da IA,Sì,"Sì, confermo",Reale,Sì,"Sì, confermo",Generata da IA,Sì,"Sì, confermo",Reale,No,"Sì, confermo",Generata da IA,Sì,"Sì, confermo",Reale,Sì,"No, cambio la mia scelta",Generata da IA,Sì,"Sì, confermo",Reale,No,"Sì, confermo"
23 o più,Female,DMI,Reale,No,"Sì, confermo",Generata da IA,No,"Sì, confermo",Generata da IA,No,"Sì, confermo",Generata da IA,No,"Sì, confermo",Generata da IA,No,"Sì, confermo",Generata da IA,No,"Sì, confermo",Generata da IA,No,"Sì, confermo",Generata da IA,Sì,"Sì, confermo",Generata da IA,No,"Sì, confermo",Reale,No,"Sì, confermo",Generata da IA,No,"Sì, confermo",Generata da IA,No,"Sì, confermo",Reale,Sì,"Sì, confermo",Reale,No,"Sì, confermo",Reale,No,"Sì, confermo"
23 o più,Female,work,Reale,No,"Sì, confermo",Generata da IA,Sì,"Sì, confermo",Generata da IA,Sì,"Sì, confermo",Reale,No,"Sì, confermo",Reale,No,"Sì, confermo",Generata da IA,Sì,"Sì, confermo",Reale,Sì,"Sì, confermo",Reale,No,"Sì, confermo",Reale,No,"Sì, confermo",Reale,Sì,"Sì, confermo",Reale,Sì,"Sì, confermo",Generata da IA,Sì,"Sì, confermo",Reale,No,"Sì, confermo",Generata da IA,Sì,"Sì, confermo",Reale,Sì,"Sì, confermo"
23 o più,Female,Scienze Biologiche ,Reale,Sì,"Sì, confermo",Generata da IA,Sì,"Sì, confermo",Generata da IA,No,"Sì, confermo",Reale,No,"Sì, confermo",Generata da IA,Sì,"Sì, confermo",Generata da IA,Sì,"Sì, confermo",Reale,No,"Sì, confermo",Reale,No,"Sì, confermo",Reale,No,"Sì, confermo",Reale,No,"Sì, confermo",Reale,No,"Sì, confermo",Reale,No,"Sì, confermo",Reale,No,"No, cambio la mia scelta",Reale,No,"No, cambio la mia scelta",Reale,No,"Sì, confermo"
23 o più,Female,DiSFor,Reale,Sì,"Sì, confermo",Generata da IA,Sì,"Sì, confermo",Generata da IA,Sì,"Sì, confermo",Reale,Sì,"Sì, confermo",Generata da IA,Sì,"Sì, confermo",Reale,Sì,"No, cambio la mia scelta",Reale,Sì,"No, cambio la mia scelta",Generata da IA,Sì,"Sì, confermo",Reale,Sì,"Sì, confermo",Generata da IA,Sì,"Sì, confermo",Generata da IA,Sì,"Sì, confermo",Generata da IA,Sì,"Sì, confermo",Generata da IA,Sì,"Sì, confermo",Generata da IA,Sì,"Sì, confermo",Generata da IA,Sì,"Sì, confermo"
23 o più,Female,DiSFor,Generata da IA,Sì,"Sì, confermo",Generata da IA,No,"Sì, confermo",Generata da IA,Sì,"Sì, confermo",Reale,No,"Sì, confermo",Generata da IA,Sì,"Sì, confermo",Reale,Sì,"Sì, confermo",Reale,Sì,"Sì, confermo",Reale,Sì,"Sì, confermo",Generata da IA,Sì,"Sì, confermo",Reale,No,"Sì, confermo",Generata da IA,Sì,"Sì, confermo",Reale,Sì,"Sì, confermo",Generata da IA,Sì,"Sì, confermo",Generata da IA,Sì,"Sì, confermo",Reale,Sì,"Sì, confermo"
23 o più,Female,DiSFor,Reale,No,"Sì, confermo",Reale,No,"Sì, confermo",Reale,No,"Sì, confermo",Reale,No,"No, cambio la mia scelta",Reale,No,"No, cambio la mia scelta",Reale,No,"Sì, confermo",Reale,No,"Sì, confermo",Generata da IA,No,"Sì, confermo",Generata da IA,Sì,"Sì, confermo",Reale,No,"No, cambio la mia scelta",Generata da IA,No,"Sì, confermo",Generata da IA,No,"Sì, confermo",Reale,No,"Sì, confermo",Reale,No,"No, cambio la mia scelta",Generata da IA,No,"Sì, confermo"
23 o più,Female,DiSFor,Reale,No,"Sì, confermo",Generata da IA,No,"Sì, confermo",Reale,No,"Sì, confermo",Reale,No,"Sì, confermo",Generata da IA,No,"Sì, confermo",Generata da IA,No,"Sì, confermo",Reale,No,"Sì, confermo",Reale,No,"Sì, confermo",Reale,No,"Sì, confermo",Reale,No,"Sì, confermo",Reale,No,"Sì, confermo",Generata da IA,No,"Sì, confermo",Reale,No,"Sì, confermo",Reale,No,"Sì, confermo",Reale,No,"Sì, confermo"
23 o più,Female,DiSFor,Reale,Sì,"Sì, confermo",Generata da IA,No,"Sì, confermo",Generata da IA,Sì,"Sì, confermo",Reale,Sì,"No, cambio la mia scelta",Reale,No,"Sì, confermo",Generata da IA,No,"Sì, confermo",Reale,No,"Sì, confermo",Reale,No,"Sì, confermo",Generata da IA,No,"Sì, confermo",Generata da IA,No,"Sì, confermo",Reale,Sì,"Sì, confermo",Generata da IA,Sì,"Sì, confermo",Generata da IA,Sì,"Sì, confermo",Generata da IA,Sì,"Sì, confermo",Generata da IA,Sì,"Sì, confermo"
23 o più,Female,DiSFor,Reale,No,"Sì, confermo",Generata da IA,No,"Sì, confermo",Generata da IA,Sì,"Sì, confermo",Reale,No,"Sì, confermo",Reale,No,"Sì, confermo",Reale,No,"Sì, confermo",Reale,No,"Sì, confermo",Reale,No,"Sì, confermo",Reale,Sì,"Sì, confermo",Reale,No,"Sì, confermo",Generata da IA,No,"Sì, confermo",Generata da IA,Sì,"Sì, confermo",Reale,No,"Sì, confermo",Reale,No,"Sì, confermo",Reale,No,"Sì, confermo"
23 o più,Female,DiSFor,Reale,No,"Sì, confermo",Generata da IA,Sì,"Sì, confermo",Generata da IA,Sì,"Sì, confermo",Reale,Sì,"No, cambio la mia scelta",Generata da IA,Sì,"Sì, confermo",Reale,Sì,"Sì, confermo",Reale,No,"Sì, confermo",Reale,No,"No, cambio la mia scelta",Reale,No,"Sì, confermo",Reale,No,"No, cambio la mia scelta",Generata da IA,Sì,"Sì, confermo",Reale,Sì,"Sì, confermo",Generata da IA,Sì,"Sì, confermo",Generata da IA,Sì,"Sì, confermo",Generata da IA,Sì,"No, cambio la mia scelta"
23 o più,Female,DiSFor,Reale,No,"Sì, confermo",Generata da IA,No,"Sì, confermo",Generata da IA,No,"Sì, confermo",Reale,No,"Sì, confermo",Generata da IA,No,"Sì, confermo",Generata da IA,No,"Sì, confermo",Generata da IA,No,"Sì, confermo",Reale,No,"Sì, confermo",Reale,No,"Sì, confermo",Reale,No,"Sì, confermo",Generata da IA,No,"Sì, confermo",Reale,No,"Sì, confermo",Reale,No,"Sì, confermo",Reale,No,"Sì, confermo",Reale,No,"Sì, confermo"
22,Female,Scienze politiche ,Reale,Sì,"Sì, confermo",Generata da IA,No,"Sì, confermo",Generata da IA,Sì,"Sì, confermo",Reale,Sì,"No, cambio la mia scelta",Generata da IA,Sì,"Sì, confermo",Reale,Sì,"No, cambio la mia scelta",Reale,No,"Sì, confermo",Reale,Sì,"No, cambio la mia scelta",Reale,Sì,"Sì, confermo",Reale,Sì,"No, cambio la mia scelta",Generata da IA,No,"Sì, confermo",Reale,Sì,"Sì, confermo",Reale,Sì,"No, cambio la mia scelta",Generata da IA,Sì,"Sì, confermo",Generata da IA,Sì,"No, cambio la mia scelta"
23 o più,Female,DiSFor,Generata da IA,Sì,"Sì, confermo",Reale,No,"Sì, confermo",Generata da IA,Sì,"Sì, confermo",Reale,No,"Sì, confermo",Generata da IA,Sì,"Sì, confermo",Reale,Sì,"Sì, confermo",Reale,No,"Sì, confermo",Reale,Sì,"No, cambio la mia scelta",Reale,No,"Sì, confermo",Reale,Sì,"No, cambio la mia scelta",Reale,No,"Sì, confermo",Reale,No,"Sì, confermo",Reale,No,"Sì, confermo",Reale,No,"Sì, confermo",Reale,Sì,"Sì, confermo"
23 o più,Female,DiSFor,Reale,Sì,"Sì, confermo",Reale,Sì,"Sì, confermo",Generata da IA,Sì,"Sì, confermo",Generata da IA,Sì,"Sì, confermo",Generata da IA,Sì,"Sì, confermo",Generata da IA,Sì,"Sì, confermo",Generata da IA,Sì,"Sì, confermo",Reale,Sì,"Sì, confermo",Reale,Sì,"Sì, confermo",Reale,Sì,"Sì, confermo",Reale,Sì,"Sì, confermo",Generata da IA,Sì,"Sì, confermo",Generata da IA,No,"Sì, confermo",Reale,Sì,"Sì, confermo",Generata da IA,No,"Sì, confermo"
23 o più,Female,DiSFor,Reale,Sì,"Sì, confermo",Generata da IA,No,"Sì, confermo",Reale,Sì,"Sì, confermo",Reale,No,"Sì, confermo",Reale,No,"Sì, confermo",Generata da IA,No,"Sì, confermo",Reale,No,"Sì, confermo",Reale,No,"Sì, confermo",Generata da IA,No,"Sì, confermo",Reale,No,"Sì, confermo",Reale,No,"Sì, confermo",Reale,No,"Sì, confermo",Reale,No,"Sì, confermo",Reale,No,"Sì, confermo",Reale,No,"Sì, confermo"
23 o più,Female,DiSFor,Reale,No,"Sì, confermo",Generata da IA,Sì,"Sì, confermo",Generata da IA,Sì,"Sì, confermo",Reale,Sì,"Sì, confermo",Generata da IA,Sì,"Sì, confermo",Generata da IA,Sì,"Sì, confermo",Reale,No,"Sì, confermo",Reale,No,"Sì, confermo",Reale,No,"Sì, confermo",Reale,No,"Sì, confermo",Generata da IA,Sì,"Sì, confermo",Generata da IA,Sì,"Sì, confermo",Generata da IA,Sì,"Sì, confermo",Generata da IA,Sì,"Sì, confermo",Generata da IA,Sì,"Sì, confermo"
23 o più,Female,DiSFor,Generata da IA,Sì,"Sì, confermo",Generata da IA,No,"Sì, confermo",Generata da IA,Sì,"No, cambio la mia scelta",Reale,No,"Sì, confermo",Generata da IA,No,"Sì, confermo",Generata da IA,No,"Sì, confermo",Generata da IA,No,"Sì, confermo",Reale,No,"Sì, confermo",Generata da IA,No,"Sì, confermo",Generata da IA,No,"Sì, confermo",Generata da IA,No,"Sì, confermo",Generata da IA,No,"Sì, confermo",Generata da IA,No,"Sì, confermo",Generata da IA,No,"Sì, confermo",Generata da IA,No,"Sì, confermo"
23 o più,Female,DiSFor,Reale,Sì,"Sì, confermo",Generata da IA,No,"Sì, confermo",Generata da IA,Sì,"Sì, confermo",Reale,No,"Sì, confermo",Generata da IA,Sì,"Sì, confermo",Generata da IA,No,"Sì, confermo",Generata da IA,Sì,"Sì, confermo",Generata da IA,Sì,"Sì, confermo",Reale,No,"Sì, confermo",Reale,No,"Sì, confermo",Reale,Sì,"Sì, confermo",Reale,No,"Sì, confermo",Generata da IA,Sì,"Sì, confermo",Reale,No,"Sì, confermo",Generata da IA,Sì,"Sì, confermo"
23 o più,Male,DiSUm,Reale,Sì,"Sì, confermo",Generata da IA,No,"Sì, confermo",Reale,No,"Sì, confermo",Reale,No,"No, cambio la mia scelta",Reale,No,"Sì, confermo",Generata da IA,No,"Sì, confermo",Generata da IA,Sì,"Sì, confermo",Reale,No,"Sì, confermo",Reale,No,"Sì, confermo",Reale,Sì,"No, cambio la mia scelta",Generata da IA,No,"Sì, confermo",Generata da IA,No,"Sì, confermo",Generata da IA,Sì,"Sì, confermo",Reale,Sì,"No, cambio la mia scelta",Generata da IA,No,"Sì, confermo"
23 o più,Female,DiSFor,Reale,No,"Sì, confermo",Generata da IA,Sì,"Sì, confermo",Reale,No,"Sì, confermo",Reale,Sì,"Sì, confermo",Reale,Sì,"Sì, confermo",Generata da IA,Sì,"Sì, confermo",Generata da IA,No,"Sì, confermo",Generata da IA,No,"Sì, confermo",Reale,No,"Sì, confermo",Reale,Sì,"Sì, confermo",Generata da IA,Sì,"Sì, confermo",Generata da IA,Sì,"Sì, confermo",Reale,Sì,"Sì, confermo",Generata da IA,Sì,"Sì, confermo",Reale,Sì,"Sì, confermo"
20,Female,Scienze Motorie,Reale,No,"Sì, confermo",Generata da IA,No,"Sì, confermo",Generata da IA,No,"Sì, confermo",Reale,Sì,"No, cambio la mia scelta",Reale,Sì,"No, cambio la mia scelta",Generata da IA,No,"Sì, confermo",Reale,No,"Sì, confermo",Generata da IA,No,"Sì, confermo",Reale,Sì,"Sì, confermo",Generata da IA,No,"Sì, confermo",Reale,No,"Sì, confermo",Generata da IA,No,"Sì, confermo",Generata da IA,No,"Sì, confermo",Generata da IA,No,"Sì, confermo",Reale,Sì,"Sì, confermo"
20,Male,DMI,Reale,No,"Sì, confermo",Reale,Sì,"Sì, confermo",Reale,Sì,"Sì, confermo",Reale,No,"Sì, confermo",Reale,Sì,"Sì, confermo",Generata da IA,Sì,"Sì, confermo",Generata da IA,No,"Sì, confermo",Reale,No,"Sì, confermo",Reale,No,"Sì, confermo",Reale,No,"No, cambio la mia scelta",Generata da IA,Sì,"Sì, confermo",Reale,Sì,"Sì, confermo",Reale,Sì,"Sì, confermo",Generata da IA,Sì,"Sì, confermo",Reale,Sì,"Sì, confermo"
23 o più,Male,DMI,Reale,Sì,"Sì, confermo",Generata da IA,Sì,"Sì, confermo",Reale,Sì,"Sì, confermo",Reale,Sì,"Sì, confermo",Generata da IA,Sì,"Sì, confermo",Generata da IA,Sì,"Sì, confermo",Reale,Sì,"Sì, confermo",Reale,Sì,"Sì, confermo",Reale,Sì,"Sì, confermo",Reale,Sì,"Sì, confermo",Generata da IA,Sì,"Sì, confermo",Reale,Sì,"Sì, confermo",Reale,Sì,"Sì, confermo",Generata da IA,Sì,"Sì, confermo",Reale,Sì,"Sì, confermo"
23 o più,Female,DMI,Generata da IA,Sì,"Sì, confermo",Generata da IA,Sì,"Sì, confermo",Generata da IA,Sì,"Sì, confermo",Reale,Sì,"Sì, confermo",Reale,Sì,"Sì, confermo",Generata da IA,Sì,"Sì, confermo",Reale,Sì,"Sì, confermo",Reale,Sì,"Sì, confermo",Reale,Sì,"Sì, confermo",Reale,Sì,"Sì, confermo",Reale,Sì,"Sì, confermo",Generata da IA,Sì,"Sì, confermo",Reale,Sì,"Sì, confermo",Generata da IA,Sì,"Sì, confermo",Reale,Sì,"Sì, confermo"
22,Male,DMI,Reale,No,"Sì, confermo",Generata da IA,Sì,"Sì, confermo",Reale,Sì,"Sì, confermo",Reale,No,"Sì, confermo",Generata da IA,No,"Sì, confermo",Generata da IA,Sì,"Sì, confermo",Reale,No,"Sì, confermo",Reale,No,"Sì, confermo",Reale,No,"Sì, confermo",Reale,No,"No, cambio la mia scelta",Generata da IA,Sì,"Sì, confermo",Generata da IA,Sì,"Sì, confermo",Reale,No,"Sì, confermo",Generata da IA,No,"Sì, confermo",Generata da IA,Sì,"Sì, confermo"
20,Male,DMI,Reale,No,"Sì, confermo",Generata da IA,Sì,"Sì, confermo",Generata da IA,Sì,"Sì, confermo",Reale,No,"Sì, confermo",Generata da IA,Sì,"Sì, confermo",Reale,No,"Sì, confermo",Reale,Sì,"Sì, confermo",Reale,No,"Sì, confermo",Reale,No,"Sì, confermo",Reale,No,"No, cambio la mia scelta",Generata da IA,No,"Sì, confermo",Generata da IA,Sì,"Sì, confermo",Generata da IA,Sì,"Sì, confermo",Reale,No,"Sì, confermo",Generata da IA,Sì,"No, cambio la mia scelta"
23 o più,Male,DMI,Reale,No,"Sì, confermo",Generata da IA,No,"Sì, confermo",Generata da IA,Sì,"Sì, confermo",Reale,Sì,"No, cambio la mia scelta",Reale,Sì,"Sì, confermo",Reale,Sì,"Sì, confermo",Generata da IA,No,"Sì, confermo",Reale,No,"No, cambio la mia scelta",Reale,Sì,"Sì, confermo",Generata da IA,Sì,"Sì, confermo",Reale,No,"Sì, confermo",Generata da IA,Sì,"Sì, confermo",Generata da IA,Sì,"Sì, confermo",Generata da IA,Sì,"Sì, confermo",Reale,No,"Sì, confermo"
22,Male,DMI,Reale,No,"Sì, confermo",Reale,Sì,"Sì, confermo",Generata da IA,Sì,"Sì, confermo",Reale,Sì,"Sì, confermo",Generata da IA,Sì,"Sì, confermo",Generata da IA,Sì,"Sì, confermo",Reale,Sì,"Sì, confermo",Reale,No,"Sì, confermo",Reale,No,"Sì, confermo",Generata da IA,Sì,"Sì, confermo",Generata da IA,Sì,"Sì, confermo",Generata da IA,Sì,"Sì, confermo",Generata da IA,Sì,"Sì, confermo",Reale,No,"Sì, confermo",Reale,Sì,"Sì, confermo"
23 o più,Female,DMI,Reale,No,"Sì, confermo",Generata da IA,Sì,"Sì, confermo",Generata da IA,No,"Sì, confermo",Reale,Sì,"Sì, confermo",Reale,No,"Sì, confermo",Generata da IA,No,"Sì, confermo",Reale,No,"Sì, confermo",Generata da IA,Sì,"Sì, confermo",Reale,No,"Sì, confermo",Generata da IA,Sì,"Sì, confermo",Generata da IA,Sì,"No, cambio la mia scelta",Generata da IA,No,"Sì, confermo",Reale,Sì,"No, cambio la mia scelta",Generata da IA,No,"Sì, confermo",Reale,No,"Sì, confermo"
22,Male,DMI,Reale,No,"Sì, confermo",Generata da IA,Sì,"Sì, confermo",Reale,No,"Sì, confermo",Reale,No,"Sì, confermo",Generata da IA,No,"Sì, confermo",Reale,No,"Sì, confermo",Reale,No,"Sì, confermo",Reale,No,"Sì, confermo",Reale,No,"Sì, confermo",Reale,No,"Sì, confermo",Generata da IA,Sì,"Sì, confermo",Generata da IA,Sì,"Sì, confermo",Reale,No,"Sì, confermo",Reale,No,"Sì, confermo",Reale,No,"Sì, confermo"
20,Male,DMI,Reale,No,"Sì, confermo",Reale,No,"Sì, confermo",Generata da IA,No,"Sì, confermo",Generata da IA,No,"Sì, confermo",Generata da IA,No,"Sì, confermo",Generata da IA,No,"Sì, confermo",Generata da IA,No,"Sì, confermo",Reale,No,"Sì, confermo",Reale,No,"Sì, confermo",Reale,No,"Sì, confermo",Generata da IA,No,"Sì, confermo",Generata da IA,No,"Sì, confermo",Generata da IA,No,"Sì, confermo",Reale,No,"Sì, confermo",Reale,No,"Sì, confermo"
23 o più,Male,DMI,Generata da IA,Sì,"No, cambio la mia scelta",Generata da IA,Sì,"No, cambio la mia scelta",Generata da IA,Sì,"Sì, confermo",Reale,Sì,"No, cambio la mia scelta",Generata da IA,Sì,"Sì, confermo",Generata da IA,Sì,"Sì, confermo",Generata da IA,Sì,"Sì, confermo",Reale,Sì,"Sì, confermo",Generata da IA,Sì,"Sì, confermo",Generata da IA,Sì,"Sì, confermo",Generata da IA,Sì,"Sì, confermo",Generata da IA,Sì,"Sì, confermo",Generata da IA,Sì,"Sì, confermo",Generata da IA,Sì,"Sì, confermo",Reale,Sì,"Sì, confermo"
23 o più,Male,DMI,Generata da IA,Sì,"Sì, confermo",Generata da IA,Sì,"Sì, confermo",Generata da IA,Sì,"Sì, confermo",Reale,No,"Sì, confermo",Generata da IA,Sì,"Sì, confermo",Generata da IA,Sì,"Sì, confermo",Reale,No,"Sì, confermo",Reale,No,"Sì, confermo",Reale,No,"Sì, confermo",Generata da IA,Sì,"Sì, confermo",Generata da IA,Sì,"Sì, confermo",Generata da IA,Sì,"Sì, confermo",Generata da IA,Sì,"Sì, confermo",Reale,Sì,"Sì, confermo",Generata da IA,Sì,"Sì, confermo"
21,Male,DMI,Generata da IA,No,"Sì, confermo",Generata da IA,No,"Sì, confermo",Generata da IA,No,"Sì, confermo",Reale,Sì,"Sì, confermo",Generata da IA,Sì,"Sì, confermo",Generata da IA,No,"Sì, confermo",Reale,Sì,"Sì, confermo",Generata da IA,Sì,"No, cambio la mia scelta",Reale,No,"Sì, confermo",Generata da IA,Sì,"Sì, confermo",Generata da IA,No,"Sì, confermo",Generata da IA,No,"Sì, confermo",Generata da IA,No,"Sì, confermo",Generata da IA,No,"Sì, confermo",Generata da IA,No,"Sì, confermo"
21,Male,DIEEI,Reale,No,"Sì, confermo",Generata da IA,Sì,"Sì, confermo",Reale,Sì,"Sì, confermo",Reale,Sì,"No, cambio la mia scelta",Generata da IA,Sì,"Sì, confermo",Reale,No,"No, cambio la mia scelta",Reale,No,"Sì, confermo",Reale,No,"No, cambio la mia scelta",Reale,No,"Sì, confermo",Generata da IA,No,"Sì, confermo",Reale,No,"Sì, confermo",Generata da IA,Sì,"Sì, confermo",Reale,No,"Sì, confermo",Generata da IA,Sì,"Sì, confermo",Reale,No,"Sì, confermo"
21,Male,DIEEI,Reale,No,"Sì, confermo",Generata da IA,No,"Sì, confermo",Generata da IA,No,"Sì, confermo",Reale,No,"Sì, confermo",Generata da IA,No,"Sì, confermo",Reale,No,"Sì, confermo",Reale,No,"Sì, confermo",Generata da IA,No,"Sì, confermo",Reale,No,"Sì, confermo",Reale,No,"No, cambio la mia scelta",Reale,No,"Sì, confermo",Generata da IA,Sì,"Sì, confermo",Generata da IA,No,"Sì, confermo",Reale,Sì,"No, cambio la mia scelta",Reale,Sì,"Sì, confermo"
23 o più,Male,DMI,Reale,No,"Sì, confermo",Generata da IA,No,"Sì, confermo",Generata da IA,No,"Sì, confermo",Generata da IA,No,"No, cambio la mia scelta",Generata da IA,No,"Sì, confermo",Generata da IA,No,"Sì, confermo",Reale,No,"Sì, confermo",Reale,No,"Sì, confermo",Generata da IA,No,"No, cambio la mia scelta",Reale,No,"Sì, confermo",Reale,No,"Sì, confermo",Generata da IA,No,"Sì, confermo",Generata da IA,No,"Sì, confermo",Generata da IA,No,"Sì, confermo",Reale,No,"Sì, confermo"
20,Female,Dieei,Reale,Sì,"Sì, confermo",Reale,Sì,"Sì, confermo",Generata da IA,Sì,"Sì, confermo",Generata da IA,Sì,"Sì, confermo",Generata da IA,Sì,"Sì, confermo",Reale,Sì,"Sì, confermo",Generata da IA,Sì,"Sì, confermo",Reale,Sì,"Sì, confermo",Generata da IA,Sì,"Sì, confermo",Reale,Sì,"Sì, confermo",Reale,Sì,"Sì, confermo",Reale,Sì,"Sì, confermo",Reale,Sì,"Sì, confermo",Generata da IA,Sì,"Sì, confermo",Reale,Sì,"Sì, confermo"
23 o più,Male,DMI,Reale,No,"Sì, confermo",Generata da IA,No,"Sì, confermo",Generata da IA,No,"Sì, confermo",Reale,No,"Sì, confermo",Generata da IA,No,"Sì, confermo",Generata da IA,Sì,"Sì, confermo",Reale,No,"Sì, confermo",Generata da IA,No,"Sì, confermo",Reale,No,"Sì, confermo",Reale,No,"Sì, confermo",Generata da IA,No,"Sì, confermo",Reale,No,"Sì, confermo",Generata da IA,No,"Sì, confermo",Reale,No,"Sì, confermo",Reale,No,"Sì, confermo"
21,Male,DMI,Reale,Sì,"Sì, confermo",Reale,Sì,"Sì, confermo",Generata da IA,No,"Sì, confermo",Generata da IA,No,"Sì, confermo",Generata da IA,No,"Sì, confermo",Generata da IA,No,"Sì, confermo",Reale,Sì,"Sì, confermo",Generata da IA,Sì,"Sì, confermo",Reale,No,"Sì, confermo",Reale,Sì,"No, cambio la mia scelta",Generata da IA,Sì,"Sì, confermo",Generata da IA,Sì,"Sì, confermo",Reale,No,"No, cambio la mia scelta",Reale,Sì,"Sì, confermo",Reale,No,"Sì, confermo"
20,Male,DMI,Reale,No,"Sì, confermo",Reale,No,"Sì, confermo",Reale,No,"Sì, confermo",Reale,No,"Sì, confermo",Generata da IA,No,"Sì, confermo",Generata da IA,No,"Sì, confermo",Reale,No,"Sì, confermo",Reale,No,"Sì, confermo",Reale,No,"Sì, confermo",Reale,No,"Sì, confermo",Generata da IA,No,"Sì, confermo",Generata da IA,No,"Sì, confermo",Reale,Sì,"Sì, confermo",Generata da IA,No,"Sì, confermo",Reale,No,"Sì, confermo"
21,Male,DMI,Reale,No,"Sì, confermo",Generata da IA,No,"Sì, confermo",Generata da IA,No,"Sì, confermo",Reale,No,"Sì, confermo",Generata da IA,No,"Sì, confermo",Generata da IA,No,"Sì, confermo",Generata da IA,No,"Sì, confermo",Generata da IA,No,"Sì, confermo",Generata da IA,No,"Sì, confermo",Reale,No,"Sì, confermo",Generata da IA,No,"Sì, confermo",Generata da IA,No,"Sì, confermo",Reale,No,"Sì, confermo",Reale,No,"Sì, confermo",Generata da IA,No,"Sì, confermo"
20,Male,DMI,Generata da IA,No,"Sì, confermo",Generata da IA,No,"Sì, confermo",Reale,Sì,"Sì, confermo",Reale,No,"Sì, confermo",Generata da IA,No,"Sì, confermo",Generata da IA,No,"Sì, confermo",Reale,No,"Sì, confermo",Reale,No,"Sì, confermo",Reale,Sì,"Sì, confermo",Generata da IA,Sì,"Sì, confermo",Reale,No,"Sì, confermo",Generata da IA,Sì,"Sì, confermo",Generata da IA,Sì,"Sì, confermo",Generata da IA,Sì,"Sì, confermo",Reale,No,"Sì, confermo"
20,Male,DIEEI (ingegneria elettronica),Reale,No,"Sì, confermo",Generata da IA,No,"Sì, confermo",Generata da IA,Sì,"Sì, confermo",Reale,Sì,"Sì, confermo",Reale,Sì,"No, cambio la mia scelta",Generata da IA,No,"Sì, confermo",Reale,Sì,"Sì, confermo",Generata da IA,Sì,"Sì, confermo",Reale,Sì,"Sì, confermo",Generata da IA,Sì,"Sì, confermo",Generata da IA,No,"Sì, confermo",Generata da IA,No,"Sì, confermo",Generata da IA,Sì,"Sì, confermo",Generata da IA,No,"Sì, confermo",Generata da IA,Sì,"Sì, confermo"
20,Male,DMI,Reale,Sì,"Sì, confermo",Generata da IA,Sì,"No, cambio la mia scelta",Reale,Sì,"Sì, confermo",Generata da IA,Sì,"Sì, confermo",Generata da IA,Sì,"Sì, confermo",Generata da IA,Sì,"Sì, confermo",Reale,Sì,"Sì, confermo",Generata da IA,Sì,"Sì, confermo",Reale,Sì,"Sì, confermo",Reale,Sì,"No, cambio la mia scelta",Reale,Sì,"Sì, confermo",Reale,Sì,"Sì, confermo",Generata da IA,Sì,"Sì, confermo",Reale,Sì,"Sì, confermo",Generata da IA,Sì,"No, cambio la mia scelta"
23 o più,Male,Digital forensics ,Reale,No,"Sì, confermo",Generata da IA,Sì,"No, cambio la mia scelta",Generata da IA,Sì,"Sì, confermo",Generata da IA,Sì,"Sì, confermo",Reale,No,"No, cambio la mia scelta",Generata da IA,Sì,"Sì, confermo",Reale,No,"Sì, confermo",Reale,No,"Sì, confermo",Reale,No,"Sì, confermo",Reale,No,"No, cambio la mia scelta",Generata da IA,Sì,"Sì, confermo",Generata da IA,Sì,"Sì, confermo",Reale,No,"Sì, confermo",Reale,No,"Sì, confermo",Generata da IA,Sì,"Sì, confermo"
22,Male,DMI,Generata da IA,Sì,"Sì, confermo",Generata da IA,No,"Sì, confermo",Reale,Sì,"Sì, confermo",Reale,No,"Sì, confermo",Generata da IA,No,"Sì, confermo",Generata da IA,No,"Sì, confermo",Reale,No,"Sì, confermo",Reale,No,"Sì, confermo",Reale,No,"Sì, confermo",Reale,Sì,"Sì, confermo",Generata da IA,Sì,"Sì, confermo",Generata da IA,Sì,"Sì, confermo",Reale,No,"Sì, confermo",Reale,No,"Sì, confermo",Reale,No,"No, cambio la mia scelta"
20,Male,DMI,Generata da IA,Sì,"Sì, confermo",Generata da IA,Sì,"Sì, confermo",Generata da IA,Sì,"Sì, confermo",Generata da IA,Sì,"Sì, confermo",Generata da IA,Sì,"Sì, confermo",Generata da IA,Sì,"Sì, confermo",Reale,Sì,"Sì, confermo",Generata da IA,Sì,"Sì, confermo",Generata da IA,Sì,"No, cambio la mia scelta",Generata da IA,Sì,"No, cambio la mia scelta",Generata da IA,Sì,"Sì, confermo",Generata da IA,Sì,"Sì, confermo",Generata da IA,Sì,"Sì, confermo",Generata da IA,Sì,"Sì, confermo",Generata da IA,Sì,"No, cambio la mia scelta"
20,Male,Dieei,Generata da IA,No,"Sì, confermo",Generata da IA,No,"Sì, confermo",Generata da IA,No,"Sì, confermo",Generata da IA,No,"Sì, confermo",Generata da IA,No,"Sì, confermo",Reale,No,"No, cambio la mia scelta",Reale,No,"No, cambio la mia scelta",Generata da IA,No,"Sì, confermo",Reale,No,"Sì, confermo",Generata da IA,No,"Sì, confermo",Generata da IA,No,"Sì, confermo",Generata da IA,No,"No, cambio la mia scelta",Generata da IA,No,"Sì, confermo",Reale,No,"Sì, confermo",Generata da IA,No,"No, cambio la mia scelta"
23 o più,Male,DMI,Reale,No,"Sì, confermo",Reale,No,"Sì, confermo",Generata da IA,No,"Sì, confermo",Reale,No,"Sì, confermo",Generata da IA,No,"Sì, confermo",Generata da IA,No,"Sì, confermo",Reale,Sì,"Sì, confermo",Reale,No,"Sì, confermo",Reale,No,"Sì, confermo",Reale,No,"No, cambio la mia scelta",Reale,No,"Sì, confermo",Generata da IA,No,"Sì, confermo",Reale,No,"No, cambio la mia scelta",Reale,No,"Sì, confermo",Generata da IA,No,"No, cambio la mia scelta"
21,Male,DMI,Reale,No,"Sì, confermo",Generata da IA,No,"No, cambio la mia scelta",Generata da IA,No,"Sì, confermo",Reale,Sì,"Sì, confermo",Generata da IA,Sì,"No, cambio la mia scelta",Generata da IA,No,"No, cambio la mia scelta",Reale,No,"Sì, confermo",Reale,No,"Sì, confermo",Reale,No,"Sì, confermo",Reale,Sì,"Sì, confermo",Reale,No,"Sì, confermo",Generata da IA,Sì,"Sì, confermo",Generata da IA,Sì,"No, cambio la mia scelta",Generata da IA,Sì,"No, cambio la mia scelta",Reale,Sì,"Sì, confermo"
23 o più,Male,DMI,Reale,No,"Sì, confermo",Generata da IA,Sì,"No, cambio la mia scelta",Generata da IA,No,"Sì, confermo",Reale,No,"No, cambio la mia scelta",Reale,No,"Sì, confermo",Generata da IA,No,"Sì, confermo",Generata da IA,No,"No, cambio la mia scelta",Generata da IA,No,"Sì, confermo",Reale,No,"Sì, confermo",Reale,No,"No, cambio la mia scelta",Reale,No,"Sì, confermo",Generata da IA,No,"Sì, confermo",Reale,No,"Sì, confermo",Reale,No,"Sì, confermo",Reale,No,"Sì, confermo"
23 o più,Male,DMI,Generata da IA,Sì,"Sì, confermo",Reale,Sì,"Sì, confermo",Generata da IA,Sì,"Sì, confermo",Reale,Sì,"Sì, confermo",Generata da IA,Sì,"Sì, confermo",Reale,No,"Sì, confermo",Reale,No,"Sì, confermo",Generata da IA,Sì,"Sì, confermo",Generata da IA,Sì,"Sì, confermo",Generata da IA,Sì,"Sì, confermo",Reale,Sì,"Sì, confermo",Generata da IA,Sì,"Sì, confermo",Generata da IA,Sì,"Sì, confermo",Generata da IA,Sì,"Sì, confermo",Generata da IA,Sì,"Sì, confermo"
23 o più,Male,DMI,Reale,No,"Sì, confermo",Generata da IA,No,"Sì, confermo",Generata da IA,No,"Sì, confermo",Generata da IA,No,"Sì, confermo",Generata da IA,No,"Sì, confermo",Reale,No,"Sì, confermo",Generata da IA,No,"Sì, confermo",Reale,No,"No, cambio la mia scelta",Reale,No,"Sì, confermo",Reale,No,"No, cambio la mia scelta",Generata da IA,No,"Sì, confermo",Generata da IA,No,"Sì, confermo",Generata da IA,No,"Sì, confermo",Reale,No,"Sì, confermo",Reale,No,"Sì, confermo"
21,Male,DIEEI,Reale,No,"Sì, confermo",Generata da IA,Sì,"Sì, confermo",Generata da IA,No,"Sì, confermo",Reale,Sì,"Sì, confermo",Generata da IA,Sì,"Sì, confermo",Generata da IA,No,"Sì, confermo",Reale,No,"Sì, confermo",Generata da IA,Sì,"Sì, confermo",Reale,No,"Sì, confermo",Reale,Sì,"No, cambio la mia scelta",Generata da IA,No,"Sì, confermo",Reale,Sì,"Sì, confermo",Reale,Sì,"Sì, confermo",Reale,No,"Sì, confermo",Reale,No,"Sì, confermo"
20,Male,dieei,Reale,No,"Sì, confermo",Reale,No,"Sì, confermo",Generata da IA,No,"Sì, confermo",Reale,No,"No, cambio la mia scelta",Generata da IA,No,"Sì, confermo",Reale,No,"Sì, confermo",Reale,No,"Sì, confermo",Generata da IA,No,"Sì, confermo",Reale,No,"Sì, confermo",Generata da IA,No,"Sì, confermo",Generata da IA,No,"Sì, confermo",Reale,No,"Sì, confermo",Generata da IA,No,"No, cambio la mia scelta",Generata da IA,No,"No, cambio la mia scelta",Reale,No,"Sì, confermo"
21,Male,DMI,Generata da IA,Sì,"No, cambio la mia scelta",Generata da IA,No,"Sì, confermo",Generata da IA,No,"Sì, confermo",Generata da IA,Sì,"Sì, confermo",Reale,Sì,"Sì, confermo",Reale,No,"Sì, confermo",Generata da IA,No,"Sì, confermo",Generata da IA,No,"Sì, confermo",Generata da IA,No,"No, cambio la mia scelta",Reale,No,"No, cambio la mia scelta",Generata da IA,No,"Sì, confermo",Generata da IA,No,"Sì, confermo",Generata da IA,Sì,"Sì, confermo",Generata da IA,Sì,"Sì, confermo",Generata da IA,No,"Sì, confermo"
21,Male,DMI,Reale,No,"Sì, confermo",Reale,Sì,"Sì, confermo",Generata da IA,Sì,"Sì, confermo",Reale,Sì,"No, cambio la mia scelta",Generata da IA,Sì,"Sì, confermo",Reale,Sì,"No, cambio la mia scelta",Reale,No,"Sì, confermo",Generata da IA,Sì,"Sì, confermo",Reale,No,"Sì, confermo",Reale,No,"No, cambio la mia scelta",Generata da IA,No,"Sì, confermo",Generata da IA,No,"Sì, confermo",Generata da IA,No,"Sì, confermo",Generata da IA,No,"Sì, confermo",Reale,Sì,"No, cambio la mia scelta"
22,Male,DMI,Reale,Sì,"Sì, confermo",Generata da IA,No,"Sì, confermo",Reale,Sì,"Sì, confermo",Reale,Sì,"Sì, confermo",Generata da IA,No,"Sì, confermo",Generata da IA,No,"Sì, confermo",Reale,Sì,"Sì, confermo",Reale,Sì,"Sì, confermo",Reale,No,"Sì, confermo",Reale,Sì,"Sì, confermo",Generata da IA,No,"Sì, confermo",Generata da IA,Sì,"Sì, confermo",Reale,No,"Sì, confermo",Generata da IA,No,"Sì, confermo",Generata da IA,No,"Sì, confermo"
23 o più,Male,DMI,Reale,Sì,"Sì, confermo",Generata da IA,Sì,"Sì, confermo",Generata da IA,Sì,"Sì, confermo",Generata da IA,Sì,"Sì, confermo",Generata da IA,Sì,"Sì, confermo",Reale,Sì,"Sì, confermo",Generata da IA,Sì,"Sì, confermo",Reale,Sì,"Sì, confermo",Reale,Sì,"Sì, confermo",Generata da IA,Sì,"Sì, confermo",Generata da IA,Sì,"Sì, confermo",Generata da IA,Sì,"Sì, confermo",Reale,Sì,"Sì, confermo",Generata da IA,Sì,"Sì, confermo",Generata da IA,Sì,"Sì, confermo"
20,Male,DMI,Reale,No,"Sì, confermo",Reale,Sì,"Sì, confermo",Generata da IA,No,"Sì, confermo",Generata da IA,Sì,"Sì, confermo",Generata da IA,No,"Sì, confermo",Reale,No,"Sì, confermo",Reale,No,"No, cambio la mia scelta",Reale,Sì,"Sì, confermo",Reale,Sì,"Sì, confermo",Generata da IA,Sì,"Sì, confermo",Generata da IA,Sì,"Sì, confermo",Reale,Sì,"Sì, confermo",Generata da IA,No,"Sì, confermo",Reale,No,"Sì, confermo",Reale,Sì,"Sì, confermo"
20,Female,DMI,Generata da IA,No,"Sì, confermo",Generata da IA,No,"No, cambio la mia scelta",Generata da IA,No,"Sì, confermo",Generata da IA,No,"Sì, confermo",Generata da IA,Sì,"Sì, confermo",Generata da IA,No,"Sì, confermo",Generata da IA,No,"Sì, confermo",Reale,Sì,"Sì, confermo",Reale,No,"Sì, confermo",Generata da IA,Sì,"Sì, confermo",Generata da IA,Sì,"Sì, confermo",Generata da IA,Sì,"Sì, confermo",Generata da IA,Sì,"Sì, confermo",Reale,Sì,"Sì, confermo",Generata da IA,No,"Sì, confermo"
20,Male,Deei,Reale,No,"Sì, confermo",Generata da IA,Sì,"Sì, confermo",Generata da IA,No,"Sì, confermo",Reale,No,"No, cambio la mia scelta",Reale,No,"Sì, confermo",Generata da IA,No,"Sì, confermo",Generata da IA,No,"Sì, confermo",Reale,No,"Sì, confermo",Reale,No,"No, cambio la mia scelta",Generata da IA,No,"Sì, confermo",Reale,No,"No, cambio la mia scelta",Reale,No,"No, cambio la mia scelta",Generata da IA,No,"No, cambio la mia scelta",Reale,No,"Sì, confermo",Reale,No,"Sì, confermo"
21,Male,DMI,Generata da IA,No,"Sì, confermo",Generata da IA,No,"Sì, confermo",Generata da IA,No,"Sì, confermo",Generata da IA,No,"Sì, confermo",Reale,No,"Sì, confermo",Generata da IA,No,"Sì, confermo",Reale,No,"Sì, confermo",Reale,No,"Sì, confermo",Reale,No,"Sì, confermo",Reale,No,"Sì, confermo",Reale,No,"Sì, confermo",Generata da IA,No,"Sì, confermo",Reale,No,"Sì, confermo",Reale,No,"Sì, confermo",Generata da IA,No,"Sì, confermo"
23 o più,Female,Professioni Sanitarie,Reale,Sì,"Sì, confermo",Reale,Sì,"No, cambio la mia scelta",Generata da IA,Sì,"Sì, confermo",Reale,Sì,"Sì, confermo",Reale,Sì,"Sì, confermo",Reale,No,"Sì, confermo",Reale,Sì,"Sì, confermo",Reale,Sì,"Sì, confermo",Reale,Sì,"Sì, confermo",Reale,Sì,"Sì, confermo",Reale,Sì,"Sì, confermo",Reale,Sì,"Sì, confermo",Reale,Sì,"Sì, confermo",Reale,Sì,"Sì, confermo",Reale,Sì,"Sì, confermo"
23 o più,Female,Professioni Sanitarie,Generata da IA,Sì,"Sì, confermo",Generata da IA,Sì,"Sì, confermo",Generata da IA,No,"Sì, confermo",Generata da IA,Sì,"Sì, confermo",Generata da IA,No,"Sì, confermo",Generata da IA,No,"Sì, confermo",Reale,Sì,"Sì, confermo",Generata da IA,Sì,"Sì, confermo",Reale,No,"Sì, confermo",Reale,Sì,"Sì, confermo",Reale,Sì,"Sì, confermo",Reale,Sì,"Sì, confermo",Reale,Sì,"Sì, confermo",Reale,Sì,"Sì, confermo",Generata da IA,Sì,"Sì, confermo"
23 o più,Female,Professioni Sanitarie,Reale,No,"Sì, confermo",Generata da IA,Sì,"Sì, confermo",Generata da IA,Sì,"Sì, confermo",Generata da IA,Sì,"Sì, confermo",Generata da IA,Sì,"Sì, confermo",Generata da IA,Sì,"Sì, confermo",Reale,No,"Sì, confermo",Reale,No,"Sì, confermo",Generata da IA,Sì,"Sì, confermo",Reale,No,"Sì, confermo",Generata da IA,Sì,"Sì, confermo",Reale,No,"Sì, confermo",Reale,No,"Sì, confermo",Reale,No,"Sì, confermo",Reale,No,"Sì, confermo"
22,Male,Professioni Sanitarie,Reale,No,"Sì, confermo",Generata da IA,Sì,"Sì, confermo",Generata da IA,Sì,"Sì, confermo",Reale,No,"Sì, confermo",Generata da IA,Sì,"Sì, confermo",Reale,No,"Sì, confermo",Generata da IA,Sì,"Sì, confermo",Reale,No,"Sì, confermo",Reale,No,"Sì, confermo",Generata da IA,No,"Sì, confermo",Reale,No,"Sì, confermo",Reale,No,"Sì, confermo",Generata da IA,Sì,"Sì, confermo",Generata da IA,Sì,"Sì, confermo",Generata da IA,Sì,"Sì, confermo"
22,Female,Professioni Sanitarie,Reale,No,"Sì, confermo",Generata da IA,Sì,"Sì, confermo",Reale,No,"Sì, confermo",Reale,No,"Sì, confermo",Generata da IA,Sì,"Sì, confermo",Reale,No,"Sì, confermo",Reale,No,"Sì, confermo",Reale,No,"Sì, confermo",Reale,No,"Sì, confermo",Reale,No,"Sì, confermo",Reale,No,"Sì, confermo",Reale,Sì,"Sì, confermo",Reale,No,"Sì, confermo",Reale,Sì,"Sì, confermo",Reale,Sì,"Sì, confermo"
23 o più,Female,Professioni Sanitarie,Reale,No,"Sì, confermo",Generata da IA,Sì,"Sì, confermo",Generata da IA,Sì,"Sì, confermo",Reale,No,"Sì, confermo",Reale,No,"Sì, confermo",Generata da IA,No,"Sì, confermo",Reale,No,"Sì, confermo",Reale,No,"Sì, confermo",Reale,No,"Sì, confermo",Reale,No,"Sì, confermo",Generata da IA,No,"Sì, confermo",Generata da IA,Sì,"Sì, confermo",Generata da IA,Sì,"Sì, confermo",Reale,Sì,"Sì, confermo",Reale,No,"Sì, confermo"
22,Female,Professioni Sanitarie,Reale,No,"Sì, confermo",Generata da IA,Sì,"Sì, confermo",Reale,No,"Sì, confermo",Reale,No,"Sì, confermo",Reale,No,"Sì, confermo",Generata da IA,Sì,"Sì, confermo",Reale,No,"Sì, confermo",Generata da IA,Sì,"Sì, confermo",Generata da IA,Sì,"Sì, confermo",Reale,Sì,"Sì, confermo",Generata da IA,Sì,"Sì, confermo",Reale,No,"Sì, confermo",Generata da IA,Sì,"Sì, confermo",Reale,No,"Sì, confermo",Reale,No,"Sì, confermo"
23 o più,Female,Professioni Sanitarie,Reale,No,"Sì, confermo",Reale,Sì,"Sì, confermo",Generata da IA,Sì,"Sì, confermo",Reale,Sì,"Sì, confermo",Generata da IA,Sì,"Sì, confermo",Reale,Sì,"Sì, confermo",Reale,No,"Sì, confermo",Reale,No,"Sì, confermo",Generata da IA,Sì,"Sì, confermo",Reale,Sì,"Sì, confermo",Generata da IA,Sì,"Sì, confermo",Reale,No,"Sì, confermo",Reale,Sì,"Sì, confermo",Reale,No,"Sì, confermo",Generata da IA,Sì,"Sì, confermo"
23 o più,Female,Professioni Sanitarie,Reale,No,"Sì, confermo",Generata da IA,No,"Sì, confermo",Generata da IA,No,"Sì, confermo",Generata da IA,No,"Sì, confermo",Reale,No,"Sì, confermo",Generata da IA,No,"Sì, confermo",Generata da IA,No,"Sì, confermo",Reale,Sì,"Sì, confermo",Generata da IA,Sì,"Sì, confermo",Generata da IA,No,"Sì, confermo",Generata da IA,No,"Sì, confermo",Generata da IA,Sì,"Sì, confermo",Reale,No,"Sì, confermo",Reale,No,"Sì, confermo",Reale,No,"Sì, confermo"
23 o più,Female,Professioni Sanitarie,Reale,No,"Sì, confermo",Generata da IA,Sì,"Sì, confermo",Generata da IA,Sì,"Sì, confermo",Generata da IA,Sì,"Sì, confermo",Reale,Sì,"Sì, confermo",Generata da IA,Sì,"Sì, confermo",Reale,No,"Sì, confermo",Generata da IA,Sì,"Sì, confermo",Reale,No,"Sì, confermo",Generata da IA,Sì,"Sì, confermo",Generata da IA,Sì,"Sì, confermo",Generata da IA,Sì,"Sì, confermo",Reale,No,"Sì, confermo",Reale,No,"Sì, confermo",Generata da IA,Sì,"Sì, confermo"
23 o più,Male,Professioni Sanitarie,Generata da IA,Sì,"Sì, confermo",Generata da IA,Sì,"Sì, confermo",Generata da IA,No,"Sì, confermo",Generata da IA,Sì,"Sì, confermo",Generata da IA,No,"Sì, confermo",Reale,No,"Sì, confermo",Generata da IA,Sì,"Sì, confermo",Generata da IA,Sì,"Sì, confermo",Generata da IA,No,"Sì, confermo",Generata da IA,No,"Sì, confermo",Generata da IA,No,"Sì, confermo",Generata da IA,No,"Sì, confermo",Reale,No,"Sì, confermo",Generata da IA,No,"Sì, confermo",Reale,No,"Sì, confermo"
23 o più,Female,Professioni Sanitarie,Reale,Sì,"Sì, confermo",Generata da IA,Sì,"Sì, confermo",Reale,Sì,"Sì, confermo",Reale,Sì,"Sì, confermo",Generata da IA,Sì,"Sì, confermo",Generata da IA,Sì,"Sì, confermo",Reale,Sì,"Sì, confermo",Generata da IA,Sì,"Sì, confermo",Reale,Sì,"Sì, confermo",Reale,Sì,"Sì, confermo",Reale,No,"Sì, confermo",Reale,Sì,"Sì, confermo",Generata da IA,Sì,"Sì, confermo",Reale,Sì,"Sì, confermo",Generata da IA,Sì,"Sì, confermo"
23 o più,Female,Professioni Sanitarie,Generata da IA,Sì,"Sì, confermo",Generata da IA,No,"Sì, confermo",Generata da IA,Sì,"Sì, confermo",Generata da IA,No,"Sì, confermo",Generata da IA,No,"Sì, confermo",Generata da IA,Sì,"Sì, confermo",Generata da IA,Sì,"Sì, confermo",Generata da IA,No,"Sì, confermo",Generata da IA,No,"Sì, confermo",Generata da IA,Sì,"Sì, confermo",Generata da IA,Sì,"Sì, confermo",Generata da IA,Sì,"Sì, confermo",Generata da IA,Sì,"Sì, confermo",Generata da IA,No,"Sì, confermo",Generata da IA,Sì,"Sì, confermo"
23 o più,Male,Professioni Sanitarie,Reale,No,"Sì, confermo",Generata da IA,No,"No, cambio la mia scelta",Generata da IA,No,"Sì, confermo",Generata da IA,Sì,"Sì, confermo",Generata da IA,Sì,"No, cambio la mia scelta",Reale,Sì,"No, cambio la mia scelta",Reale,Sì,"Sì, confermo",Reale,No,"Sì, confermo",Generata da IA,Sì,"Sì, confermo",Reale,Sì,"No, cambio la mia scelta",Generata da IA,Sì,"Sì, confermo",Reale,Sì,"No, cambio la mia scelta",Generata da IA,Sì,"No, cambio la mia scelta",Generata da IA,Sì,"No, cambio la mia scelta",Generata da IA,Sì,"No, cambio la mia scelta"
23 o più,Female,Professioni Sanitarie,Reale,Sì,"Sì, confermo",Generata da IA,No,"Sì, confermo",Generata da IA,No,"Sì, confermo",Reale,Sì,"Sì, confermo",Generata da IA,No,"Sì, confermo",Generata da IA,No,"Sì, confermo",Reale,No,"Sì, confermo",Reale,No,"Sì, confermo",Reale,Sì,"Sì, confermo",Generata da IA,No,"Sì, confermo",Generata da IA,No,"Sì, confermo",Reale,Sì,"Sì, confermo",Generata da IA,Sì,"Sì, confermo",Generata da IA,Sì,"Sì, confermo",Generata da IA,No,"Sì, confermo"
23 o più,Female,Professioni Sanitarie,Reale,No,"Sì, confermo",Generata da IA,No,"Sì, confermo",Generata da IA,No,"Sì, confermo",Reale,No,"Sì, confermo",Reale,No,"Sì, confermo",Generata da IA,No,"Sì, confermo",Reale,No,"Sì, confermo",Reale,No,"Sì, confermo",Reale,No,"Sì, confermo",Reale,No,"Sì, confermo",Generata da IA,No,"Sì, confermo",Reale,No,"Sì, confermo",Reale,No,"Sì, confermo",Reale,No,"Sì, confermo",Reale,No,"Sì, confermo"
23 o più,Male,Professioni Sanitarie,Reale,Sì,"Sì, confermo",Generata da IA,Sì,"Sì, confermo",Generata da IA,Sì,"Sì, confermo",Reale,Sì,"Sì, confermo",Reale,Sì,"No, cambio la mia scelta",Generata da IA,Sì,"Sì, confermo",Reale,Sì,"Sì, confermo",Reale,Sì,"Sì, confermo",Reale,Sì,"Sì, confermo",Reale,Sì,"Sì, confermo",Generata da IA,Sì,"Sì, confermo",Generata da IA,Sì,"Sì, confermo",Generata da IA,No,"Sì, confermo",Reale,Sì,"Sì, confermo",Reale,Sì,"Sì, confermo"
22,Female,Professioni Sanitarie,Reale,No,"Sì, confermo",Generata da IA,Sì,"Sì, confermo",Reale,No,"Sì, confermo",Reale,Sì,"Sì, confermo",Generata da IA,Sì,"Sì, confermo",Generata da IA,Sì,"Sì, confermo",Reale,No,"Sì, confermo",Reale,No,"Sì, confermo",Reale,No,"Sì, confermo",Reale,No,"Sì, confermo",Generata da IA,No,"Sì, confermo",Generata da IA,Sì,"Sì, confermo",Generata da IA,Sì,"Sì, confermo",Reale,No,"Sì, confermo",Generata da IA,Sì,"Sì, confermo"
23 o più,Female,Professioni Sanitarie,Reale,Sì,"Sì, confermo",Generata da IA,No,"Sì, confermo",Generata da IA,No,"Sì, confermo",Reale,Sì,"Sì, confermo",Generata da IA,Sì,"Sì, confermo",Generata da IA,Sì,"Sì, confermo",Reale,No,"Sì, confermo",Reale,No,"Sì, confermo",Reale,Sì,"No, cambio la mia scelta",Reale,Sì,"Sì, confermo",Reale,Sì,"Sì, confermo",Reale,No,"Sì, confermo",Generata da IA,No,"Sì, confermo",Reale,No,"Sì, confermo",Generata da IA,No,"No, cambio la mia scelta"
23 o più,Female,Professioni Sanitarie,Reale,Sì,"Sì, confermo",Generata da IA,Sì,"No, cambio la mia scelta",Generata da IA,Sì,"Sì, confermo",Reale,Sì,"No, cambio la mia scelta",Reale,Sì,"Sì, confermo",Generata da IA,Sì,"Sì, confermo",Reale,Sì,"Sì, confermo",Reale,Sì,"No, cambio la mia scelta",Reale,Sì,"Sì, confermo",Generata da IA,Sì,"Sì, confermo",Generata da IA,Sì,"Sì, confermo",Generata da IA,Sì,"Sì, confermo",Reale,Sì,"Sì, confermo",Reale,Sì,"Sì, confermo",Reale,Sì,"Sì, confermo"
23 o più,Male,Professioni Sanitarie,Reale,No,"Sì, confermo",Generata da IA,No,"Sì, confermo",Generata da IA,Sì,"Sì, confermo",Reale,No,"Sì, confermo",Generata da IA,Sì,"Sì, confermo",Reale,No,"Sì, confermo",Reale,Sì,"Sì, confermo",Reale,Sì,"Sì, confermo",Reale,Sì,"Sì, confermo",Reale,No,"Sì, confermo",Generata da IA,Sì,"Sì, confermo",Reale,No,"Sì, confermo",Reale,No,"Sì, confermo",Reale,No,"Sì, confermo",Reale,No,"Sì, confermo"
23 o più,Female,Professioni Sanitarie,Reale,No,"Sì, confermo",Generata da IA,Sì,"No, cambio la mia scelta",Generata da IA,Sì,"Sì, confermo",Reale,Sì,"Sì, confermo",Generata da IA,Sì,"Sì, confermo",Reale,No,"Sì, confermo",Reale,No,"Sì, confermo",Reale,No,"No, cambio la mia scelta",Generata da IA,Sì,"No, cambio la mia scelta",Reale,No,"No, cambio la mia scelta",Reale,No,"Sì, confermo",Generata da IA,Sì,"Sì, confermo",Reale,No,"Sì, confermo",Reale,No,"Sì, confermo",Reale,No,"Sì, confermo"
23 o più,Female,Professioni Sanitarie,Reale,No,"Sì, confermo",Generata da IA,Sì,"Sì, confermo",Generata da IA,No,"Sì, confermo",Reale,Sì,"Sì, confermo",Generata da IA,Sì,"Sì, confermo",Generata da IA,No,"Sì, confermo",Generata da IA,Sì,"Sì, confermo",Reale,Sì,"Sì, confermo",Reale,Sì,"No, cambio la mia scelta",Reale,No,"Sì, confermo",Reale,Sì,"Sì, confermo",Reale,No,"Sì, confermo",Reale,Sì,"Sì, confermo",Generata da IA,Sì,"Sì, confermo",Generata da IA,Sì,"Sì, confermo"
23 o più,Female,Professioni Sanitarie,Reale,Sì,"Sì, confermo",Reale,Sì,"Sì, confermo",Reale,Sì,"Sì, confermo",Reale,Sì,"Sì, confermo",Generata da IA,Sì,"Sì, confermo",Generata da IA,Sì,"Sì, confermo",Reale,Sì,"Sì, confermo",Reale,Sì,"Sì, confermo",Generata da IA,Sì,"Sì, confermo",Generata da IA,Sì,"Sì, confermo",Generata da IA,Sì,"Sì, confermo",Generata da IA,Sì,"Sì, confermo",Generata da IA,Sì,"Sì, confermo",Reale,Sì,"Sì, confermo",Generata da IA,Sì,"Sì, confermo"
23 o più,Female,Professioni Sanitarie,Reale,No,"Sì, confermo",Generata da IA,No,"Sì, confermo",Reale,Sì,"Sì, confermo",Reale,No,"Sì, confermo",Generata da IA,Sì,"Sì, confermo",Generata da IA,No,"Sì, confermo",Reale,No,"Sì, confermo",Generata da IA,Sì,"Sì, confermo",Generata da IA,No,"Sì, confermo",Generata da IA,Sì,"Sì, confermo",Generata da IA,No,"Sì, confermo",Generata da IA,Sì,"Sì, confermo",Generata da IA,No,"Sì, confermo",Reale,No,"Sì, confermo",Generata da IA,No,"Sì, confermo"
22,Female,Professioni Sanitarie,Reale,Sì,"Sì, confermo",Generata da IA,No,"Sì, confermo",Reale,Sì,"Sì, confermo",Reale,No,"Sì, confermo",Generata da IA,Sì,"Sì, confermo",Generata da IA,No,"Sì, confermo",Reale,Sì,"Sì, confermo",Reale,No,"Sì, confermo",Reale,No,"Sì, confermo",Generata da IA,No,"Sì, confermo",Reale,Sì,"Sì, confermo",Generata da IA,No,"Sì, confermo",Reale,No,"Sì, confermo",Generata da IA,No,"Sì, confermo",Reale,Sì,"Sì, confermo"
23 o più,Male,Professioni Sanitarie,Reale,Sì,"Sì, confermo",Reale,Sì,"Sì, confermo",Generata da IA,Sì,"Sì, confermo",Generata da IA,Sì,"Sì, confermo",Reale,Sì,"Sì, confermo",Generata da IA,Sì,"Sì, confermo",Reale,Sì,"No, cambio la mia scelta",Generata da IA,Sì,"Sì, confermo",Reale,Sì,"Sì, confermo",Generata da IA,Sì,"Sì, confermo",Generata da IA,Sì,"Sì, confermo",Generata da IA,Sì,"Sì, confermo",Reale,Sì,"Sì, confermo",Reale,Sì,"Sì, confermo",Generata da IA,No,"Sì, confermo"
23 o più,Male,Professioni Sanitarie,Reale,No,"Sì, confermo",Generata da IA,Sì,"No, cambio la mia scelta",Reale,Sì,"Sì, confermo",Reale,Sì,"Sì, confermo",Generata da IA,Sì,"Sì, confermo",Reale,Sì,"Sì, confermo",Reale,Sì,"Sì, confermo",Reale,Sì,"No, cambio la mia scelta",Reale,Sì,"Sì, confermo",Reale,No,"No, cambio la mia scelta",Generata da IA,Sì,"Sì, confermo",Reale,Sì,"Sì, confermo",Reale,Sì,"Sì, confermo",Generata da IA,Sì,"Sì, confermo",Reale,No,"Sì, confermo"
23 o più,Female,Professioni Sanitarie,Reale,No,"Sì, confermo",Generata da IA,Sì,"Sì, confermo",Generata da IA,Sì,"Sì, confermo",Reale,No,"Sì, confermo",Generata da IA,Sì,"Sì, confermo",Generata da IA,Sì,"Sì, confermo",Generata da IA,Sì,"Sì, confermo",Reale,No,"Sì, confermo",Generata da IA,Sì,"Sì, confermo",Generata da IA,Sì,"Sì, confermo",Reale,No,"Sì, confermo",Generata da IA,Sì,"Sì, confermo",Generata da IA,Sì,"Sì, confermo",Generata da IA,Sì,"Sì, confermo",Generata da IA,Sì,"Sì, confermo"
23 o più,Female,Professioni Sanitarie,Reale,No,"Sì, confermo",Generata da IA,Sì,"Sì, confermo",Reale,Sì,"Sì, confermo",Generata da IA,Sì,"Sì, confermo",Generata da IA,No,"Sì, confermo",Generata da IA,Sì,"Sì, confermo",Reale,No,"Sì, confermo",Generata da IA,Sì,"Sì, confermo",Reale,Sì,"Sì, confermo",Reale,No,"Sì, confermo",Generata da IA,Sì,"Sì, confermo",Reale,Sì,"Sì, confermo",Generata da IA,Sì,"Sì, confermo",Generata da IA,Sì,"Sì, confermo",Reale,Sì,"Sì, confermo"
23 o più,Female,Professioni Sanitarie,Reale,No,"Sì, confermo",Reale,No,"Sì, confermo",Reale,No,"Sì, confermo",Generata da IA,Sì,"Sì, confermo",Reale,Sì,"Sì, confermo",Reale,No,"Sì, confermo",Reale,No,"Sì, confermo",Reale,Sì,"Sì, confermo",Reale,Sì,"Sì, confermo",Reale,Sì,"Sì, confermo",Reale,Sì,"Sì, confermo",Generata da IA,Sì,"Sì, confermo",Generata da IA,No,"Sì, confermo",Generata da IA,No,"Sì, confermo",Generata da IA,Sì,"Sì, confermo"
23 o più,Male,Professioni Sanitarie,Generata da IA,Sì,"Sì, confermo",Generata da IA,Sì,"Sì, confermo",Reale,Sì,"Sì, confermo",Generata da IA,Sì,"Sì, confermo",Generata da IA,Sì,"Sì, confermo",Generata da IA,Sì,"Sì, confermo",Reale,Sì,"Sì, confermo",Reale,Sì,"Sì, confermo",Reale,Sì,"Sì, confermo",Reale,No,"Sì, confermo",Reale,Sì,"Sì, confermo",Generata da IA,Sì,"Sì, confermo",Reale,Sì,"Sì, confermo",Generata da IA,Sì,"Sì, confermo",Generata da IA,Sì,"Sì, confermo"
23 o più,Female,Professioni Sanitarie,Generata da IA,No,"Sì, confermo",Reale,Sì,"Sì, confermo",Generata da IA,No,"Sì, confermo",Reale,Sì,"Sì, confermo",Generata da IA,No,"Sì, confermo",Reale,No,"Sì, confermo",Generata da IA,Sì,"Sì, confermo",Reale,No,"Sì, confermo",Generata da IA,No,"Sì, confermo",Generata da IA,No,"Sì, confermo",Generata da IA,Sì,"Sì, confermo",Generata da IA,No,"Sì, confermo",Generata da IA,No,"Sì, confermo",Reale,Sì,"Sì, confermo",Generata da IA,No,"No, cambio la mia scelta"
23 o più,Female,DiSFor,Reale,No,"Sì, confermo",Generata da IA,No,"Sì, confermo",Generata da IA,Sì,"Sì, confermo",Reale,Sì,"Sì, confermo",Reale,Sì,"Sì, confermo",Generata da IA,Sì,"Sì, confermo",Reale,No,"Sì, confermo",Reale,Sì,"No, cambio la mia scelta",Reale,No,"Sì, confermo",Reale,No,"No, cambio la mia scelta",Generata da IA,Sì,"Sì, confermo",Generata da IA,No,"Sì, confermo",Reale,No,"Sì, confermo",Generata da IA,Sì,"No, cambio la mia scelta",Reale,Sì,"Sì, confermo"
23 o più,Female,DiSFor,Reale,No,"Sì, confermo",Generata da IA,No,"Sì, confermo",Reale,Sì,"Sì, confermo",Reale,Sì,"No, cambio la mia scelta",Reale,Sì,"Sì, confermo",Generata da IA,Sì,"Sì, confermo",Generata da IA,Sì,"Sì, confermo",Reale,No,"Sì, confermo",Reale,No,"Sì, confermo",Reale,No,"Sì, confermo",Generata da IA,Sì,"Sì, confermo",Reale,Sì,"Sì, confermo",Generata da IA,Sì,"Sì, confermo",Generata da IA,Sì,"Sì, confermo",Generata da IA,No,"Sì, confermo"
20,Female,economia aziendale ,Reale,No,"Sì, confermo",Generata da IA,Sì,"Sì, confermo",Reale,No,"Sì, confermo",Generata da IA,Sì,"Sì, confermo",Reale,Sì,"Sì, confermo",Reale,Sì,"Sì, confermo",Reale,No,"Sì, confermo",Reale,No,"Sì, confermo",Reale,No,"Sì, confermo",Reale,No,"Sì, confermo",Reale,Sì,"Sì, confermo",Reale,No,"Sì, confermo",Reale,No,"Sì, confermo",Reale,No,"Sì, confermo",Generata da IA,Sì,"Sì, confermo"
20,Male,Economia e impresa ,Reale,No,"Sì, confermo",Generata da IA,Sì,"Sì, confermo",Generata da IA,Sì,"Sì, confermo",Reale,No,"No, cambio la mia scelta",Generata da IA,No,"Sì, confermo",Reale,Sì,"Sì, confermo",Reale,No,"Sì, confermo",Reale,No,"No, cambio la mia scelta",Reale,No,"Sì, confermo",Generata da IA,Sì,"Sì, confermo",Reale,No,"Sì, confermo",Generata da IA,Sì,"Sì, confermo",Generata da IA,Sì,"Sì, confermo",Generata da IA,No,"Sì, confermo",Reale,Sì,"No, cambio la mia scelta"
23 o più,Male,Economia e impresa ,Reale,No,"Sì, confermo",Generata da IA,Sì,"Sì, confermo",Reale,No,"Sì, confermo",Reale,No,"No, cambio la mia scelta",Generata da IA,Sì,"No, cambio la mia scelta",Generata da IA,Sì,"Sì, confermo",Reale,No,"Sì, confermo",Reale,No,"Sì, confermo",Reale,Sì,"Sì, confermo",Reale,Sì,"No, cambio la mia scelta",Generata da IA,No,"Sì, confermo",Generata da IA,Sì,"No, cambio la mia scelta",Generata da IA,Sì,"Sì, confermo",Generata da IA,Sì,"Sì, confermo",Generata da IA,No,"No, cambio la mia scelta"
20,Female,Scienze biologiche ,Reale,Sì,"No, cambio la mia scelta",Generata da IA,No,"Sì, confermo",Reale,No,"Sì, confermo",Reale,No,"No, cambio la mia scelta",Reale,No,"No, cambio la mia scelta",Reale,No,"Sì, confermo",Reale,No,"Sì, confermo",Generata da IA,Sì,"Sì, confermo",Generata da IA,Sì,"No, cambio la mia scelta",Generata da IA,Sì,"Sì, confermo",Generata da IA,Sì,"Sì, confermo",Reale,No,"Sì, confermo",Reale,No,"Sì, confermo",Reale,No,"No, cambio la mia scelta",Generata da IA,Sì,"No, cambio la mia scelta"
23 o più,Female,Scuola di Medicina,Reale,No,"Sì, confermo",Generata da IA,No,"Sì, confermo",Reale,Sì,"No, cambio la mia scelta",Reale,No,"Sì, confermo",Generata da IA,Sì,"No, cambio la mia scelta",Reale,No,"Sì, confermo",Reale,No,"Sì, confermo",Reale,Sì,"No, cambio la mia scelta",Reale,No,"Sì, confermo",Reale,Sì,"Sì, confermo",Generata da IA,Sì,"Sì, confermo",Reale,No,"Sì, confermo",Reale,Sì,"Sì, confermo",Reale,Sì,"Sì, confermo",Generata da IA,Sì,"No, cambio la mia scelta"
20,Female,Economia aziendale ,Generata da IA,Sì,"Sì, confermo",Generata da IA,No,"Sì, confermo",Generata da IA,Sì,"Sì, confermo",Reale,No,"No, cambio la mia scelta",Generata da IA,Sì,"Sì, confermo",Reale,Sì,"Sì, confermo",Reale,Sì,"Sì, confermo",Reale,Sì,"Sì, confermo",Reale,No,"Sì, confermo",Reale,Sì,"Sì, confermo",Reale,Sì,"Sì, confermo",Generata da IA,No,"Sì, confermo",Generata da IA,No,"Sì, confermo",Reale,Sì,"Sì, confermo",Reale,No,"Sì, confermo"
23 o più,Male,Dipartimento di Scienze Politiche e Socali ,Reale,Sì,"Sì, confermo",Generata da IA,Sì,"Sì, confermo",Generata da IA,Sì,"Sì, confermo",Generata da IA,No,"Sì, confermo",Generata da IA,Sì,"Sì, confermo",Generata da IA,Sì,"Sì, confermo",Reale,Sì,"Sì, confermo",Reale,Sì,"Sì, confermo",Reale,Sì,"Sì, confermo",Reale,Sì,"Sì, confermo",Generata da IA,Sì,"Sì, confermo",Generata da IA,Sì,"Sì, confermo",Reale,Sì,"Sì, confermo",Reale,Sì,"Sì, confermo",Reale,Sì,"Sì, confermo"
21,Male,Scuola di Medicina,Generata da IA,No,"Sì, confermo",Generata da IA,No,"Sì, confermo",Reale,No,"Sì, confermo",Reale,No,"Sì, confermo",Reale,No,"Sì, confermo",Generata da IA,No,"Sì, confermo",Reale,No,"Sì, confermo",Reale,No,"Sì, confermo",Reale,Sì,"Sì, confermo",Reale,No,"Sì, confermo",Generata da IA,No,"Sì, confermo",Reale,No,"Sì, confermo",Reale,No,"Sì, confermo",Reale,No,"Sì, confermo",Reale,Sì,"Sì, confermo"
22,Female,Disum,Reale,No,"Sì, confermo",Generata da IA,Sì,"Sì, confermo",Reale,No,"Sì, confermo",Reale,No,"Sì, confermo",Generata da IA,Sì,"Sì, confermo",Reale,No,"Sì, confermo",Reale,No,"Sì, confermo",Reale,No,"Sì, confermo",Generata da IA,Sì,"Sì, confermo",Reale,No,"Sì, confermo",Generata da IA,Sì,"Sì, confermo",Reale,No,"Sì, confermo",Generata da IA,Sì,"Sì, confermo",Reale,No,"Sì, confermo",Generata da IA,Sì,"Sì, confermo"
21,Male,Accademia ,Reale,Sì,"Sì, confermo",Generata da IA,Sì,"Sì, confermo",Generata da IA,Sì,"Sì, confermo",Reale,No,"Sì, confermo",Generata da IA,Sì,"Sì, confermo",Generata da IA,Sì,"Sì, confermo",Generata da IA,Sì,"Sì, confermo",Reale,No,"Sì, confermo",Reale,No,"Sì, confermo",Reale,No,"Sì, confermo",Generata da IA,Sì,"Sì, confermo",Generata da IA,Sì,"Sì, confermo",Generata da IA,Sì,"Sì, confermo",Generata da IA,Sì,"Sì, confermo",Reale,No,"Sì, confermo"
22,Female,DiSFor,Reale,No,"Sì, confermo",Generata da IA,No,"Sì, confermo",Reale,Sì,"No, cambio la mia scelta",Reale,No,"Sì, confermo",Generata da IA,No,"Sì, confermo",Generata da IA,No,"Sì, confermo",Generata da IA,No,"Sì, confermo",Reale,No,"Sì, confermo",Reale,No,"Sì, confermo",Reale,No,"Sì, confermo",Reale,No,"Sì, confermo",Generata da IA,Sì,"Sì, confermo",Generata da IA,No,"Sì, confermo",Reale,No,"Sì, confermo",Generata da IA,No,"Sì, confermo"
20,Female,DiSFor,Generata da IA,Sì,"No, cambio la mia scelta",Generata da IA,Sì,"Sì, confermo",Generata da IA,Sì,"Sì, confermo",Reale,Sì,"Sì, confermo",Generata da IA,Sì,"Sì, confermo",Generata da IA,Sì,"Sì, confermo",Reale,Sì,"No, cambio la mia scelta",Reale,Sì,"No, cambio la mia scelta",Reale,Sì,"Sì, confermo",Reale,Sì,"No, cambio la mia scelta",Generata da IA,Sì,"Sì, confermo",Generata da IA,Sì,"Sì, confermo",Generata da IA,Sì,"Sì, confermo",Generata da IA,Sì,"Sì, confermo",Generata da IA,Sì,"Sì, confermo"
